AccX,AccY,AccZ,GyrX,GyrY,GyrZ,Time
-0.30,-8.16,17.64,0.04,-0.36,0.70,1721199267131
-1.42,3.01,16.52,0.18,0.11,0.97,1721199267136
6.54,7.31,-0.42,0.12,-0.29,0.87,1721199267146
5.05,5.85,9.13,-0.29,-0.12,-0.00,1721199267156
-0.67,2.05,18.13,0.23,-0.45,-0.33,1721199267166
-5.22,-0.47,2.77,0.04,-0.32,0.48,1721199267176
1.21,4.34,8.93,-0.09,0.11,0.96,1721199267186
10.10,-1.23,7.82,-0.12,-0.22,0.42,1721199267196
5.76,-0.97,17.29,0.01,-0.27,-0.28,1721199267206
2.33,0.79,8.14,0.15,-0.21,-0.20,1721199267216
0.30,4.43,10.52,-0.18,0.15,0.07,1721199267226
1.11,-0.72,13.92,-0.05,-0.13,-0.02,1721199267236
-0.44,-1.07,10.44,-0.01,-0.21,-0.02,1721199267246
1.18,0.96,9.18,-0.00,-0.03,0.12,1721199267256
1.57,1.92,8.48,-0.14,-0.10,-0.11,1721199267266
-2.26,-1.98,10.58,-0.11,-0.22,-0.41,1721199267276
-3.44,-11.98,7.77,0.06,-0.24,0.06,1721199267286
6.05,-6.90,5.23,0.23,0.46,0.60,1721199267296
13.65,8.86,14.94,0.05,0.59,-0.17,1721199267306
8.13,7.58,20.26,0.01,-0.09,-1.60,1721199267316
-10.57,-5.47,12.70,-0.04,-0.56,-1.69,1721199267326
-20.18,-2.80,5.62,0.08,-0.00,-0.02,1721199267336
-5.84,1.07,1.95,-0.07,0.33,1.01,1721199267346
5.41,0.98,6.27,-0.09,-0.09,0.14,1721199267356
4.64,0.38,14.67,0.09,-0.10,-0.98,1721199267366
-3.38,-2.60,15.12,0.03,-0.03,-0.89,1721199267376
-8.13,-1.01,11.42,0.10,-0.00,-0.25,1721199267386
-4.66,-1.49,7.02,-0.01,-0.11,-0.10,1721199267396
0.03,-3.32,9.22,-0.04,-0.13,-0.09,1721199267406
3.18,-2.88,10.01,0.05,-0.07,-0.17,1721199267416
3.48,0.24,11.48,0.11,-0.05,-0.67,1721199267426
-2.52,0.74,10.01,0.08,-0.19,-1.04,1721199267436
-8.89,-1.48,11.07,0.09,-0.24,-0.57,1721199267446
-6.62,0.72,6.30,0.07,-0.12,0.05,1721199267456
-0.40,4.29,12.62,-0.11,-0.00,-0.21,1721199267466
0.21,4.30,9.95,0.03,-0.41,-0.60,1721199267476
-2.62,5.62,10.44,-0.15,-0.19,-0.58,1721199267486
-2.74,7.18,13.35,-0.04,-0.14,-0.35,1721199267496
-1.41,7.25,6.30,-0.12,-0.25,-0.39,1721199267506
-2.54,6.99,9.33,-0.23,-0.28,-0.57,1721199267516
-4.22,4.68,14.40,-0.16,-0.34,-0.38,1721199267526
5.86,-2.44,18.23,0.18,0.20,0.23,1721199267536
9.97,3.82,-0.35,0.01,-0.27,-0.38,1721199267546
0.85,3.72,5.33,-0.14,-0.25,-1.35,1721199267556
-11.94,-0.45,8.88,0.13,-0.36,-1.14,1721199267566
-16.09,-1.53,11.12,0.17,-0.20,0.08,1721199267576
-7.67,3.14,12.13,0.03,-0.20,0.99,1721199267586
5.32,3.41,11.99,-0.12,-0.09,0.84,1721199267596
12.72,1.97,11.46,-0.05,-0.24,0.04,1721199267606
8.75,-3.71,6.18,-0.09,-0.44,-0.76,1721199267616
-2.36,-2.53,8.99,-0.09,-0.38,-0.77,1721199267626
-6.10,-1.92,11.97,-0.04,-0.24,-0.25,1721199267636
-2.55,-2.64,13.47,-0.06,-0.16,0.22,1721199267646
1.33,-1.53,10.77,-0.02,-0.17,0.00,1721199267656
1.74,-3.63,7.43,-0.10,-0.22,-0.44,1721199267666
-5.01,-3.28,13.48,-0.06,-0.26,-0.58,1721199267676
-5.94,-5.34,10.82,-0.02,-0.16,-0.18,1721199267686
-2.96,-2.83,10.02,0.04,-0.22,0.19,1721199267696
1.97,-4.41,7.98,-0.07,-0.17,0.11,1721199267706
5.08,-0.74,13.28,-0.05,-0.12,-0.18,1721199267716
4.02,-1.68,10.27,-0.01,-0.33,-0.41,1721199267726
1.50,-0.63,11.25,-0.06,-0.14,-0.48,1721199267736
1.37,-0.84,7.48,0.04,-0.16,-0.38,1721199267746
0.44,-1.38,11.06,-0.11,-0.08,-0.33,1721199267756
0.98,0.92,12.61,0.06,-0.12,-0.28,1721199267766
2.52,2.72,11.69,0.07,-0.01,-0.31,1721199267776
2.68,0.17,9.14,0.07,-0.19,-0.33,1721199267786
1.14,1.24,10.67,0.04,0.04,-0.42,1721199267796
0.84,1.11,12.51,0.10,-0.08,-0.36,1721199267806
1.05,1.10,9.38,0.09,0.03,-0.32,1721199267816
2.40,1.00,11.48,0.08,0.09,-0.29,1721199267826
2.61,1.45,9.33,0.10,0.01,-0.35,1721199267836
1.24,0.59,9.78,0.03,0.03,-0.43,1721199267846
1.13,1.81,12.87,0.07,0.14,-0.36,1721199267856
3.13,0.05,8.54,0.05,0.13,-0.31,1721199267866
3.93,1.46,11.37,0.00,0.21,-0.48,1721199267876
4.34,0.00,9.07,0.02,0.21,-0.65,1721199267886
2.10,1.55,10.38,-0.03,0.30,-0.78,1721199267896
0.18,1.03,9.98,-0.01,0.27,-0.78,1721199267906
-0.68,0.77,9.55,-0.03,0.30,-0.68,1721199267916
-0.15,-0.06,8.42,-0.07,0.28,-0.68,1721199267926
-0.51,0.21,9.79,-0.14,0.28,-0.73,1721199267936
-1.12,1.90,11.68,-0.07,0.31,-0.79,1721199267946
-0.28,-0.27,9.76,-0.18,0.37,-0.75,1721199267956
-1.22,0.08,11.24,-0.09,0.24,-0.71,1721199267966
-0.17,-0.66,8.40,-0.18,0.36,-0.78,1721199267976
-1.06,-0.55,11.27,-0.16,0.25,-0.79,1721199267986
0.59,0.07,9.91,-0.14,0.44,-0.78,1721199267996
0.83,-1.11,9.85,-0.18,0.34,-0.83,1721199268006
0.02,-1.75,11.56,-0.19,0.41,-0.95,1721199268016
-0.90,-1.95,11.17,-0.10,0.32,-0.92,1721199268026
-1.82,-0.67,10.25,-0.15,0.46,-0.84,1721199268036
-1.98,-1.58,10.10,-0.10,0.42,-0.76,1721199268046
-1.81,-2.29,8.80,-0.11,0.38,-0.70,1721199268056
-1.52,-1.09,10.62,-0.11,0.40,-0.79,1721199268066
-0.99,-0.45,11.06,-0.07,0.47,-0.76,1721199268076
-1.90,-0.77,8.70,-0.01,0.36,-0.69,1721199268086
-2.23,-1.40,10.98,-0.03,0.46,-0.60,1721199268096
-1.92,-0.74,12.79,0.05,0.42,-0.64,1721199268106
-1.66,1.56,10.11,-0.01,0.42,-0.60,1721199268116
-2.18,-0.49,9.05,0.03,0.39,-0.56,1721199268126
-3.05,1.19,10.08,0.13,0.38,-0.45,1721199268136
-2.79,-3.43,9.54,0.03,0.36,-0.40,1721199268146
-3.19,-0.98,11.17,0.03,0.36,-0.33,1721199268156
-2.30,-1.07,8.40,0.06,0.43,-0.31,1721199268166
-2.60,-0.17,11.35,0.13,0.30,-0.19,1721199268176
-1.61,-0.96,8.94,0.13,0.28,-0.12,1721199268186
-1.91,-1.42,10.26,0.08,0.26,-0.18,1721199268196
-1.34,-1.17,9.33,0.09,0.38,-0.20,1721199268206
-2.11,-3.13,9.74,0.12,0.08,-0.07,1721199268216
-2.65,0.93,11.29,0.04,0.41,-0.04,1721199268226
-0.96,-0.10,11.37,0.09,0.24,-0.07,1721199268236
-3.11,1.86,10.55,0.05,0.15,-0.00,1721199268246
-1.84,1.50,11.81,0.03,0.33,0.03,1721199268256
-1.52,1.91,12.57,0.11,0.04,0.11,1721199268266
-2.55,0.33,9.57,0.15,0.06,0.12,1721199268276
-1.54,-0.44,9.00,0.16,0.14,0.10,1721199268286
-0.86,0.16,9.99,0.13,0.17,0.08,1721199268296
-1.49,0.45,11.14,0.13,0.13,0.07,1721199268306
-1.51,2.09,9.37,0.18,0.13,0.08,1721199268316
-1.63,-0.56,10.21,0.12,0.04,0.15,1721199268326
-2.42,0.56,10.87,0.18,-0.01,0.26,1721199268336
-1.45,-0.11,8.84,0.19,0.03,0.34,1721199268346
-0.36,0.15,11.20,0.12,0.07,0.28,1721199268356
-0.38,1.28,12.00,0.18,-0.01,0.21,1721199268366
-0.92,0.75,9.12,0.17,0.04,0.25,1721199268376
-1.06,0.76,9.01,0.13,0.02,0.33,1721199268386
-0.75,1.29,10.47,0.09,0.03,0.35,1721199268396
-0.82,1.20,8.98,0.13,-0.08,0.35,1721199268406
-0.49,0.46,8.40,0.05,-0.04,0.40,1721199268416
0.84,-0.03,11.15,0.00,0.00,0.40,1721199268426
0.39,0.21,9.31,0.00,-0.09,0.31,1721199268436
-0.91,0.67,10.64,-0.08,-0.03,0.24,1721199268446
-2.12,0.74,10.64,-0.05,-0.10,0.34,1721199268456
-2.04,0.45,9.62,-0.10,-0.09,0.48,1721199268466
-0.93,-1.19,8.90,-0.14,-0.12,0.46,1721199268476
-0.95,0.06,10.51,-0.14,-0.06,0.34,1721199268486
-0.50,-1.61,9.59,-0.23,-0.04,0.33,1721199268496
-2.36,-1.06,10.78,-0.20,-0.18,0.41,1721199268506
-1.22,-2.33,7.93,-0.25,-0.10,0.54,1721199268516
0.07,-2.18,9.37,-0.29,-0.17,0.55,1721199268526
0.44,-2.09,10.51,-0.30,-0.21,0.41,1721199268536
-0.60,-2.39,10.90,-0.27,-0.24,0.30,1721199268546
-1.49,-0.72,10.46,-0.27,-0.23,0.33,1721199268556
0.38,-4.27,10.01,-0.34,-0.20,0.46,1721199268566
0.11,-1.19,11.65,-0.32,-0.18,0.48,1721199268576
0.35,-0.40,10.70,-0.24,-0.22,0.45,1721199268586
-1.69,0.46,10.68,-0.23,-0.27,0.33,1721199268596
-0.03,0.78,12.39,-0.25,-0.14,0.34,1721199268606
2.38,-1.12,10.46,-0.19,-0.30,0.41,1721199268616
2.10,-1.36,9.90,-0.16,-0.22,0.36,1721199268626
1.87,-0.97,11.46,-0.08,-0.20,0.32,1721199268636
-0.23,1.04,10.54,0.03,-0.24,0.16,1721199268646
0.94,1.91,12.04,0.04,-0.12,0.07,1721199268656
1.35,4.61,12.71,0.07,-0.22,0.13,1721199268666
1.92,4.32,11.33,0.10,-0.11,0.20,1721199268676
2.23,-2.79,9.34,-0.01,-0.14,0.17,1721199268686
0.15,-4.12,9.34,-0.02,-0.14,-0.06,1721199268696
-0.43,-0.62,11.27,0.02,-0.06,-0.06,1721199268706
-0.09,0.45,10.42,0.07,-0.24,0.15,1721199268716
3.25,0.86,9.75,0.13,0.04,0.15,1721199268726
4.14,0.40,10.81,0.10,-0.05,-0.09,1721199268736
0.57,2.16,10.23,0.10,-0.13,-0.31,1721199268746
-1.53,3.19,11.02,0.07,0.01,-0.23,1721199268756
-1.60,-1.87,8.48,0.07,-0.13,0.10,1721199268766
1.55,-0.35,10.70,0.10,0.10,0.15,1721199268776
4.47,1.29,9.31,0.17,0.04,-0.07,1721199268786
2.85,2.69,10.12,0.06,0.01,-0.42,1721199268796
0.21,1.58,10.90,0.13,-0.00,-0.53,1721199268806
-1.86,-1.43,9.00,0.12,0.00,-0.35,1721199268816
-0.76,-0.61,10.08,0.09,0.14,-0.15,1721199268826
1.73,0.93,10.11,0.10,0.10,-0.16,1721199268836
2.69,-0.21,9.09,-0.03,0.13,-0.41,1721199268846
0.10,1.04,12.27,0.00,0.12,-0.64,1721199268856
-2.27,0.10,8.89,0.08,0.03,-0.52,1721199268866
-2.03,1.47,9.88,0.01,0.20,-0.31,1721199268876
0.43,1.03,9.18,0.01,0.10,-0.24,1721199268886
0.88,-0.96,10.19,-0.10,0.14,-0.42,1721199268896
-0.06,0.77,9.79,0.05,0.09,-0.53,1721199268906
-0.38,-1.72,8.44,-0.08,0.21,-0.53,1721199268916
-1.80,-0.51,10.97,-0.02,0.11,-0.43,1721199268926
-1.09,-1.47,8.97,-0.09,0.18,-0.29,1721199268936
0.11,0.47,11.28,-0.09,0.20,-0.33,1721199268946
1.20,-0.15,9.97,-0.08,0.14,-0.39,1721199268956
0.92,-1.35,9.60,-0.09,0.13,-0.51,1721199268966
-0.99,-1.36,9.06,-0.12,0.15,-0.54,1721199268976
-2.92,-2.75,9.47,-0.20,0.15,-0.40,1721199268986
-3.41,-1.40,10.30,-0.16,0.19,-0.23,1721199268996
0.12,-4.21,8.31,-0.23,0.27,-0.29,1721199269006
1.11,-4.59,11.55,-0.27,0.19,-0.37,1721199269016
0.91,-2.13,20.38,-0.38,0.38,-0.36,1721199269026
-2.73,4.35,13.43,-0.04,0.05,-0.38,1721199269036
-2.43,-4.88,7.17,-0.38,0.26,-0.26,1721199269046
-0.38,3.77,17.07,-0.07,0.20,-0.10,1721199269056
1.76,-2.14,4.64,0.16,0.03,-0.17,1721199269066
-0.84,-4.31,7.95,-0.11,0.35,-0.45,1721199269076
-2.28,3.87,15.23,0.09,0.12,-0.50,1721199269086
-3.14,4.93,11.71,0.14,0.15,-0.29,1721199269096
-2.84,1.22,12.69,-0.01,0.31,0.06,1721199269106
-1.95,-11.98,6.87,-0.11,0.09,0.07,1721199269116
-0.26,1.38,14.02,0.10,0.44,-0.17,1721199269126
-0.39,2.78,7.12,0.28,0.33,-0.37,1721199269141
-2.89,-1.73,5.77,0.08,0.09,-0.23,1721199269146
-3.65,1.32,18.03,0.20,0.45,-0.30,1721199269156
-3.65,2.79,7.70,0.32,-0.12,-0.10,1721199269166
-3.76,-1.43,7.88,0.04,0.21,0.06,1721199269176
0.94,3.82,16.65,0.26,0.32,0.17,1721199269186
0.79,3.52,4.97,0.29,-0.04,0.20,1721199269196
-1.66,0.85,4.87,0.12,0.13,-0.06,1721199269206
-0.67,0.78,8.96,0.20,0.00,-0.03,1721199269216
-0.27,1.47,11.40,0.13,0.08,0.08,1721199269226
-0.86,1.76,8.11,0.24,-0.03,0.16,1721199269236
-1.35,-1.24,6.97,0.07,0.03,0.19,1721199269246
0.06,1.85,11.96,0.14,0.01,0.20,1721199269256
1.91,-0.91,8.58,0.02,0.03,0.11,1721199269266
0.07,2.14,10.99,0.03,-0.01,-0.06,1721199269276
-2.12,-1.97,8.98,-0.09,-0.01,-0.04,1721199269286
-4.92,0.61,8.84,-0.02,-0.12,0.24,1721199269296
-0.90,-2.38,7.96,-0.18,0.06,0.47,1721199269306
0.87,3.57,14.28,-0.09,0.01,0.30,1721199269316
0.99,0.82,8.20,-0.13,-0.15,0.06,1721199269326
-2.38,-0.84,11.00,-0.26,-0.17,0.13,1721199269336
-2.10,-2.99,11.19,-0.26,-0.03,0.17,1721199269346
-2.08,2.91,14.39,-0.19,-0.07,0.18,1721199269356
-1.00,0.05,6.73,-0.16,-0.17,0.27,1721199269366
0.15,-1.37,10.59,-0.40,0.01,0.30,1721199269376
0.54,1.73,13.31,-0.10,-0.19,0.25,1721199269386
0.89,-3.68,6.48,-0.32,-0.04,0.10,1721199269396
-2.03,-0.51,12.12,-0.18,-0.29,0.05,1721199269406
-1.51,0.13,7.80,-0.10,-0.06,0.29,1721199269416
-0.25,-9.00,11.09,-0.44,-0.03,0.34,1721199269426
-0.38,-0.10,19.23,-0.24,-0.19,0.25,1721199269436
0.41,2.57,10.81,-0.09,-0.21,0.09,1721199269446
-0.23,0.54,12.15,-0.30,0.04,0.12,1721199269456
-0.01,3.54,12.44,0.04,-0.21,0.28,1721199269466
2.00,-1.81,4.62,0.02,-0.06,0.31,1721199269476
1.90,3.20,10.22,0.10,-0.02,0.08,1721199269486
1.75,-3.08,9.55,0.14,-0.26,-0.08,1721199269496
0.32,0.15,13.39,0.09,-0.06,-0.01,1721199269506
0.72,1.34,10.99,0.18,-0.12,0.20,1721199269516
-1.25,-0.40,8.86,0.20,-0.12,0.10,1721199269526
-1.13,-0.85,13.53,0.19,-0.05,-0.16,1721199269536
1.36,-2.79,10.08,0.24,-0.11,0.03,1721199269546
-0.16,-0.39,8.77,0.26,-0.10,0.23,1721199269556
0.94,1.17,8.45,0.23,0.09,0.13,1721199269566
1.37,-2.22,10.38,0.15,-0.14,-0.08,1721199269576
1.41,0.41,11.49,0.21,-0.07,-0.04,1721199269586
1.98,1.51,10.13,0.18,0.11,-0.03,1721199269596
-1.34,1.90,10.83,0.20,-0.12,0.02,1721199269606
-0.27,1.50,9.13,0.11,-0.01,0.11,1721199269616
1.85,-2.67,9.43,0.10,-0.01,-0.03,1721199269626
1.83,0.08,8.94,0.21,0.01,0.03,1721199269636
1.56,-0.35,9.32,0.16,0.04,0.06,1721199269646
1.65,1.20,10.68,0.26,-0.00,0.02,1721199269656
2.35,0.86,8.36,0.20,0.05,-0.11,1721199269666
0.57,0.29,10.21,0.13,0.00,-0.14,1721199269676
-0.41,0.55,10.22,0.12,0.09,-0.17,1721199269686
-0.22,-0.25,9.23,0.08,0.06,-0.09,1721199269696
0.61,1.14,8.88,0.09,0.14,-0.05,1721199269706
1.99,0.16,10.35,0.02,0.16,-0.19,1721199269716
2.11,-0.40,11.63,-0.01,0.11,-0.38,1721199269726
-1.04,1.77,10.33,0.07,0.07,-0.46,1721199269736
-2.02,0.87,8.44,-0.01,0.21,-0.38,1721199269746
-0.61,1.28,15.17,-0.04,0.20,-0.34,1721199269756
0.50,0.60,5.61,0.08,0.05,-0.25,1721199269766
-0.63,1.41,11.28,-0.20,0.29,-0.41,1721199269776
-0.16,1.64,10.61,0.02,0.09,-0.53,1721199269786
-0.16,-2.05,8.51,-0.21,0.15,-0.42,1721199269796
-1.68,-1.39,12.19,-0.03,0.14,-0.39,1721199269806
-0.85,-1.19,7.41,-0.14,0.25,-0.43,1721199269816
-1.22,-0.58,10.84,-0.11,0.13,-0.36,1721199269826
-1.38,-0.19,11.08,-0.12,0.21,-0.39,1721199269836
0.74,-0.50,11.75,-0.12,0.26,-0.44,1721199269846
-0.34,0.35,9.39,-0.05,0.13,-0.37,1721199269856
-2.31,-1.33,10.33,-0.17,0.25,-0.44,1721199269866
-0.99,-0.34,11.74,-0.10,0.16,-0.41,1721199269876
0.64,-2.30,8.01,-0.09,0.22,-0.31,1721199269886
-1.81,-1.53,10.06,-0.09,0.18,-0.37,1721199269896
-1.57,-1.47,8.87,-0.05,0.21,-0.42,1721199269906
-1.88,-1.51,10.75,-0.06,0.21,-0.29,1721199269916
-3.33,-2.23,12.46,-0.02,0.15,-0.23,1721199269926
-0.84,0.21,11.23,-0.09,0.28,-0.20,1721199269936
-1.22,-0.22,9.50,0.05,0.08,-0.10,1721199269946
-0.96,-1.09,9.58,-0.04,0.29,-0.28,1721199269956
0.17,0.07,9.83,0.04,0.10,-0.26,1721199269966
-2.80,-0.30,8.47,-0.04,0.24,-0.31,1721199269976
-2.18,0.42,12.76,0.04,0.12,-0.17,1721199269986
-2.40,-0.41,8.52,-0.04,0.10,-0.04,1721199269996
-2.09,3.64,13.26,0.08,0.25,-0.12,1721199270006
-0.43,0.70,8.29,0.10,-0.02,-0.08,1721199270016
-2.87,2.48,8.80,0.11,0.12,-0.10,1721199270026
-1.14,1.72,9.82,0.17,0.24,-0.02,1721199270036
-2.40,2.19,11.26,0.17,-0.05,0.11,1721199270046
-1.16,4.14,9.28,0.25,0.14,0.12,1721199270056
0.21,0.41,8.28,0.19,0.04,0.17,1721199270066
0.42,1.95,11.90,0.15,0.05,0.11,1721199270076
1.43,0.94,12.42,0.18,0.08,-0.02,1721199270086
-0.78,1.52,11.61,0.14,-0.03,-0.04,1721199270096
-2.50,0.75,12.71,0.09,0.01,0.09,1721199270106
-3.54,2.87,8.68,0.18,-0.02,0.20,1721199270116
-0.76,1.10,10.58,0.04,0.06,0.30,1721199270126
-0.89,2.23,11.60,0.10,-0.12,0.30,1721199270136
-1.18,0.42,8.12,0.04,-0.03,0.25,1721199270146
-0.78,-1.61,10.50,-0.07,-0.12,0.31,1721199270156
-0.48,0.00,11.22,-0.05,-0.07,0.32,1721199270166
-1.41,-0.40,10.99,-0.09,-0.03,0.18,1721199270176
-1.84,-1.81,10.72,-0.15,-0.14,0.27,1721199270186
-3.02,2.59,11.04,-0.02,-0.16,0.39,1721199270196
-0.48,-0.56,6.60,-0.04,-0.06,0.40,1721199270206
1.31,-2.97,12.09,-0.15,-0.11,0.40,1721199270216
-0.07,-2.24,9.87,-0.04,-0.25,0.35,1721199270226
-2.49,-0.60,7.77,-0.11,-0.15,0.23,1721199270236
1.43,-4.08,9.99,-0.19,-0.13,0.49,1721199270246
-0.28,-2.31,10.95,-0.15,-0.30,0.47,1721199270256
0.60,-3.21,7.41,-0.17,-0.18,0.28,1721199270266
1.41,-1.26,10.62,-0.31,-0.04,0.11,1721199270276
-2.57,-1.57,12.96,-0.05,-0.47,0.22,1721199270286
1.44,-3.99,7.91,-0.20,0.03,0.53,1721199270296
3.56,-0.59,11.94,-0.13,-0.05,0.46,1721199270306
1.86,0.57,11.70,-0.08,-0.24,0.25,1721199270316
1.30,-0.87,8.05,-0.13,-0.16,0.21,1721199270326
-0.86,-0.41,12.23,-0.17,-0.22,0.02,1721199270336
1.20,-2.23,9.19,-0.03,-0.24,0.15,1721199270346
0.91,-2.21,10.15,-0.10,-0.14,0.26,1721199270356
2.06,0.51,12.58,-0.03,-0.10,0.19,1721199270366
1.71,1.59,12.48,-0.03,-0.11,0.03,1721199270376
-0.01,0.21,8.46,0.05,-0.24,0.14,1721199270386
1.95,-3.81,11.63,-0.10,0.06,0.14,1721199270396
1.13,7.19,16.14,0.19,-0.09,0.04,1721199270406
1.93,-4.41,5.26,0.07,-0.20,0.03,1721199270416
0.21,1.98,13.67,0.19,0.02,0.05,1721199270426
2.90,1.89,10.36,0.21,0.04,-0.09,1721199270436
0.55,4.55,11.21,0.30,-0.15,-0.10,1721199270446
-0.65,0.65,8.09,0.27,-0.01,-0.25,1721199270456
-0.60,0.86,14.29,0.28,0.06,-0.07,1721199270466
0.08,3.03,8.95,0.30,-0.05,-0.04,1721199270476
1.35,0.12,8.41,0.19,0.03,-0.05,1721199270486
2.84,-0.44,9.06,0.18,0.06,-0.15,1721199270496
2.85,0.62,7.73,0.12,0.05,-0.28,1721199270506
0.15,-1.00,10.20,0.02,0.02,-0.43,1721199270516
-2.44,2.02,11.08,0.11,0.03,-0.33,1721199270526
-1.80,-1.47,8.23,-0.01,0.12,-0.23,1721199270536
-1.87,-0.45,11.83,0.03,0.02,-0.16,1721199270546
0.12,3.04,9.44,0.12,0.11,-0.16,1721199270556
1.18,-3.84,7.37,-0.13,0.02,-0.20,1721199270566
0.12,-0.03,12.62,-0.01,0.02,-0.33,1721199270576
-0.29,-3.55,3.45,-0.08,-0.02,-0.33,1721199270586
-1.42,-3.03,11.64,-0.27,0.09,-0.29,1721199270596
1.28,1.84,13.82,-0.05,0.22,-0.29,1721199270606
-0.85,9.31,12.03,-0.15,0.01,-0.28,1721199270616
-0.37,0.63,9.79,-0.32,0.13,-0.25,1721199270626
-1.09,-13.18,7.75,-0.52,-0.06,-0.27,1721199270636
0.13,-6.35,12.35,-0.16,0.26,-0.41,1721199270646
0.58,1.62,10.12,-0.02,0.11,-0.44,1721199270656
-2.69,2.90,9.95,-0.09,-0.03,-0.38,1721199270666
-5.20,1.41,10.12,-0.01,-0.01,-0.21,1721199270676
-0.42,-5.23,10.16,-0.24,0.32,-0.03,1721199270686
1.85,-2.47,14.48,-0.11,0.11,-0.15,1721199270696
0.78,0.96,6.27,0.11,-0.09,-0.37,1721199270706
-3.79,-0.03,7.02,0.16,-0.01,-0.37,1721199270716
-3.14,-2.16,7.61,0.22,0.07,-0.11,1721199270726
0.43,-4.66,13.35,-0.07,0.28,0.03,1721199270736
-0.67,6.61,15.63,-0.02,0.06,-0.24,1721199270746
-0.69,4.21,10.22,0.09,-0.08,-0.43,1721199270756
-4.93,0.11,7.44,0.07,-0.07,-0.28,1721199270766
-1.91,-0.83,14.39,0.06,0.22,-0.00,1721199270776
-1.20,6.68,12.84,0.18,-0.03,0.12,1721199270786
-1.21,0.03,7.04,-0.02,-0.06,-0.17,1721199270796
-1.97,3.96,11.37,0.20,0.02,-0.25,1721199270806
-0.09,-1.88,5.69,0.26,-0.05,-0.01,1721199270816
0.32,0.77,12.27,0.21,-0.04,0.08,1721199270826
2.26,4.75,9.67,0.41,0.05,-0.11,1721199270836
1.83,0.97,10.22,0.12,-0.04,-0.31,1721199270846
-3.17,3.39,9.97,0.23,-0.22,-0.27,1721199270856
-3.27,-3.29,5.06,0.04,0.00,-0.17,1721199270866
-3.46,-1.54,13.12,-0.02,0.03,0.03,1721199270876
-1.28,2.49,6.51,0.17,-0.06,0.16,1721199270886
0.77,0.08,5.96,-0.12,-0.00,0.10,1721199270896
1.47,-7.39,17.21,-0.46,-0.05,-0.15,1721199270906
-1.60,6.09,27.90,0.08,-0.11,-0.31,1721199270916
-2.63,-4.54,0.29,-0.03,-0.26,-0.18,1721199270926
-7.44,5.79,11.01,-0.22,0.05,0.17,1721199270936
0.23,-2.08,3.77,-0.07,-0.17,0.31,1721199270946
3.94,-1.34,13.67,-0.16,0.06,0.07,1721199270956
1.97,-3.75,9.10,-0.00,-0.16,-0.28,1721199270966
-2.28,-0.64,8.89,-0.26,-0.11,-0.31,1721199270976
-4.63,2.98,12.85,-0.03,-0.09,0.00,1721199270986
1.52,-5.15,5.92,-0.21,-0.10,0.26,1721199270996
2.04,-3.67,8.69,-0.12,-0.03,-0.02,1721199271006
2.87,-4.56,6.41,-0.17,0.08,-0.30,1721199271016
-2.97,1.58,13.93,-0.10,-0.11,-0.41,1721199271026
-2.61,-5.27,6.79,-0.20,-0.12,0.04,1721199271036
-1.36,-4.08,13.78,-0.19,-0.03,0.17,1721199271046
4.49,-0.02,7.70,-0.01,-0.00,0.10,1721199271056
4.26,-4.92,17.35,-0.45,0.20,-0.45,1721199271066
-2.85,9.82,20.02,-0.03,-0.33,-0.43,1721199271076
-3.91,-3.34,8.05,-0.26,0.02,-0.12,1721199271086
-3.06,4.02,15.03,0.04,-0.04,0.15,1721199271096
3.10,-0.05,5.20,0.07,0.12,0.12,1721199271106
2.98,3.12,13.54,0.10,-0.02,-0.14,1721199271116
2.39,-0.35,8.54,0.27,-0.10,-0.34,1721199271126
-0.44,1.20,11.14,0.22,0.10,-0.27,1721199271136
1.35,2.58,10.14,0.33,0.16,0.04,1721199271151
0.85,3.63,10.84,0.32,0.12,-0.03,1721199271155
2.86,3.75,10.05,0.45,0.01,-0.16,1721199271165
2.18,-0.21,7.62,0.37,0.10,-0.32,1721199271175
-0.21,-0.37,11.93,0.34,0.10,-0.32,1721199271185
-2.31,2.51,9.74,0.43,0.04,-0.23,1721199271195
-0.48,0.79,9.98,0.34,0.17,-0.05,1721199271205
2.66,2.14,10.01,0.37,0.19,-0.06,1721199271215
4.52,0.28,7.04,0.25,0.19,-0.23,1721199271225
3.16,0.26,10.59,0.16,0.23,-0.50,1721199271235
0.14,1.14,9.60,0.25,0.09,-0.53,1721199271245
-1.18,-1.33,8.03,0.12,0.28,-0.52,1721199271255
-2.56,-0.79,9.00,0.15,0.15,-0.32,1721199271265
-0.85,-0.23,10.28,0.03,0.32,-0.25,1721199271275
0.29,-0.76,8.97,0.01,0.20,-0.33,1721199271285
-0.09,0.24,11.81,0.00,0.19,-0.49,1721199271295
-0.17,-0.06,6.98,-0.02,0.25,-0.51,1721199271305
-1.44,0.81,10.89,-0.11,0.26,-0.44,1721199271315
-1.57,-1.44,8.43,-0.05,0.19,-0.41,1721199271325
-1.39,-1.15,12.21,-0.13,0.24,-0.39,1721199271335
-1.47,-2.84,9.62,-0.07,0.19,-0.38,1721199271345
-1.44,-3.62,12.91,-0.20,0.30,-0.32,1721199271355
-1.78,-1.01,10.16,-0.03,0.12,-0.19,1721199271365
-0.42,-3.41,7.00,-0.17,0.22,-0.18,1721199271375
-1.48,-3.81,11.72,-0.12,0.20,-0.32,1721199271385
-0.11,-3.42,9.49,-0.10,0.29,-0.26,1721199271395
-1.21,-1.85,10.43,-0.16,0.18,-0.15,1721199271405
-1.12,-2.11,7.61,-0.10,0.17,-0.15,1721199271415
-1.87,-5.47,10.12,-0.20,0.20,-0.18,1721199271425
-1.70,-2.63,12.51,-0.18,0.28,-0.14,1721199271435
-0.53,-1.70,9.99,-0.08,0.07,-0.16,1721199271445
-2.70,-2.58,11.40,-0.13,0.17,-0.09,1721199271455
-2.20,0.55,11.50,-0.05,0.25,-0.04,1721199271465
-3.33,4.12,11.18,-0.03,0.06,-0.02,1721199271475
-0.71,4.04,11.49,-0.03,0.21,0.03,1721199271485
-0.98,0.35,11.66,0.01,-0.06,0.12,1721199271495
-1.95,1.14,7.94,0.10,0.02,0.10,1721199271505
-1.94,0.71,9.55,0.12,0.08,0.05,1721199271515
-0.89,6.28,12.16,0.29,0.08,0.07,1721199271525
-0.20,5.39,10.02,0.30,-0.00,0.10,1721199271535
-0.48,2.64,10.00,0.28,0.03,0.19,1721199271545
0.49,-0.01,9.09,0.27,0.07,0.22,1721199271555
0.86,2.94,11.74,0.27,0.04,0.08,1721199271565
1.17,2.27,8.27,0.31,-0.06,-0.13,1721199271575
-0.81,-1.20,8.22,0.15,-0.05,-0.16,1721199271585
-1.39,0.86,11.11,0.13,0.09,-0.11,1721199271595
-2.49,1.52,9.06,0.10,0.01,-0.10,1721199271605
-4.26,1.43,10.58,-0.04,0.04,-0.07,1721199271615
-5.58,0.34,9.77,0.10,-0.12,0.05,1721199271625
-3.64,0.70,5.92,0.05,-0.02,0.31,1721199271635
-1.02,3.15,12.77,0.02,0.02,0.46,1721199271645
3.54,2.27,9.21,0.08,-0.04,0.41,1721199271655
4.08,-1.64,9.54,-0.13,-0.09,0.19,1721199271665
1.08,-1.44,8.66,-0.10,-0.11,-0.07,1721199271675
-1.95,-4.63,9.74,-0.17,-0.08,-0.05,1721199271685
-2.94,-5.43,10.51,-0.19,-0.04,0.12,1721199271695
-1.04,-2.24,9.35,-0.13,-0.13,0.43,1721199271705
0.55,-2.27,11.13,-0.09,-0.08,0.25,1721199271715
3.35,-2.77,10.75,-0.21,-0.03,0.11,1721199271725
0.14,-3.26,10.50,-0.29,-0.06,0.01,1721199271735
-2.31,-2.55,11.05,-0.27,-0.01,-0.06,1721199271745
-2.09,-3.87,10.42,-0.24,-0.13,0.12,1721199271755
0.32,-0.43,10.80,-0.11,0.05,0.31,1721199271765
3.25,-0.29,8.02,-0.21,0.06,0.21,1721199271775
0.98,1.58,12.55,-0.19,-0.06,-0.11,1721199271785
0.78,0.75,13.59,-0.14,-0.01,-0.20,1721199271795
-0.68,-0.36,9.89,-0.09,-0.09,-0.07,1721199271805
-0.95,0.85,11.26,-0.07,0.10,0.07,1721199271815
1.04,2.72,10.89,0.05,-0.01,0.04,1721199271825
1.82,4.03,12.33,0.11,0.09,-0.10,1721199271835
2.63,0.68,9.35,0.21,-0.01,-0.05,1721199271845
1.02,1.43,8.12,0.23,0.03,-0.10,1721199271855
0.77,3.01,10.99,0.31,0.11,-0.17,1721199271865
0.06,3.19,9.27,0.40,-0.02,-0.13,1721199271875
0.27,1.78,9.19,0.34,0.20,-0.12,1721199271885
-0.35,2.67,11.14,0.39,0.04,-0.01,1721199271895
0.36,1.56,9.53,0.28,0.20,-0.02,1721199271905
1.29,1.45,10.95,0.30,0.10,-0.04,1721199271915
2.62,0.76,9.58,0.25,0.23,-0.05,1721199271925
2.68,1.02,11.28,0.18,0.12,-0.10,1721199271935
1.45,2.44,9.28,0.20,0.13,-0.20,1721199271945
0.98,2.09,7.27,0.13,0.24,-0.28,1721199271955
-0.10,0.26,9.45,-0.02,0.20,-0.31,1721199271965
-1.04,0.31,10.69,0.08,0.22,-0.27,1721199271975
-1.55,-0.74,9.86,-0.03,0.21,-0.20,1721199271985
-1.79,0.16,10.24,-0.01,0.11,-0.10,1721199271995
-0.57,-3.33,10.71,-0.12,0.23,-0.16,1721199272005
0.82,0.11,10.90,-0.04,0.19,-0.27,1721199272015
1.47,-1.87,9.30,-0.10,0.23,-0.44,1721199272025
-1.21,-3.33,11.78,-0.12,0.16,-0.30,1721199272035
-3.53,-3.65,9.41,-0.12,0.17,-0.24,1721199272045
-3.01,-4.08,10.33,-0.09,0.18,-0.18,1721199272055
-2.58,-3.39,12.28,-0.17,0.14,-0.20,1721199272065
-1.80,-1.76,12.10,-0.12,0.25,-0.12,1721199272075
-1.23,-4.43,9.19,-0.16,0.16,0.02,1721199272085
-2.66,-1.37,10.07,-0.19,0.13,0.03,1721199272095
-0.74,-3.20,10.98,-0.14,0.11,-0.01,1721199272105
0.16,-3.40,10.98,-0.18,0.17,0.06,1721199272115
-0.14,-1.37,10.00,-0.10,0.12,0.02,1721199272125
-1.25,-0.49,10.06,-0.12,0.05,0.03,1721199272135
-0.54,0.06,10.23,-0.11,0.18,0.07,1721199272145
-0.71,0.82,9.09,-0.03,0.06,0.04,1721199272155
-2.14,3.28,10.21,-0.02,0.01,0.09,1721199272165
-0.82,1.69,10.88,0.05,0.20,0.14,1721199272175
-1.03,4.45,11.71,0.07,-0.00,0.15,1721199272185
-1.30,5.05,11.50,0.10,0.08,0.05,1721199272195
-1.72,1.28,11.50,0.09,0.02,0.12,1721199272205
-2.01,1.79,8.28,0.23,-0.13,0.26,1721199272215
-0.29,2.16,9.99,0.26,0.02,0.33,1721199272225
2.15,3.89,11.63,0.27,0.09,0.15,1721199272235
0.65,4.51,9.99,0.18,-0.09,-0.20,1721199272245
-2.47,1.57,8.99,0.12,-0.13,-0.14,1721199272255
-3.84,1.24,10.40,0.08,-0.03,0.06,1721199272265
-2.41,1.62,11.91,0.07,0.04,0.25,1721199272275
-2.55,1.68,7.38,0.07,-0.12,0.23,1721199272285
-2.14,-0.08,8.35,-0.01,-0.12,0.25,1721199272295
0.04,0.25,9.89,0.04,-0.01,0.29,1721199272305
3.11,-0.03,10.60,-0.04,0.02,0.33,1721199272315
2.33,0.77,8.74,0.02,-0.12,0.09,1721199272325
2.16,-4.40,9.50,-0.23,-0.09,0.07,1721199272335
0.06,-1.56,10.45,-0.06,-0.08,0.01,1721199272345
-1.86,-2.64,10.64,-0.30,-0.01,-0.19,1721199272355
-4.41,-2.51,11.75,-0.11,-0.21,-0.02,1721199272365
-2.77,-9.16,4.26,-0.25,-0.25,0.75,1721199272375
1.05,7.97,7.73,-0.04,0.32,0.41,1721199272385
4.33,0.69,12.77,-0.37,-0.01,-0.21,1721199272395
-0.55,1.70,18.43,-0.11,-0.27,-0.29,1721199272405
-3.17,-2.23,3.33,-0.04,-0.14,0.04,1721199272415
-3.12,-3.66,11.18,-0.21,0.11,0.32,1721199272425
0.57,-0.01,13.17,-0.10,-0.01,0.46,1721199272435
2.48,2.02,10.00,-0.06,-0.10,0.19,1721199272445
4.35,0.06,11.33,-0.03,0.02,-0.13,1721199272455
1.40,-1.83,8.62,-0.03,-0.11,-0.20,1721199272465
-2.72,2.03,13.13,-0.02,-0.00,-0.08,1721199272475
-1.54,0.19,12.69,0.03,-0.03,0.07,1721199272485
0.03,0.37,9.58,0.02,-0.09,0.20,1721199272495
2.50,-1.02,9.66,0.02,-0.01,0.13,1721199272505
1.73,2.46,12.36,0.08,-0.01,-0.20,1721199272515
-1.00,0.13,7.61,0.09,-0.11,-0.29,1721199272525
-3.42,2.40,10.06,0.11,-0.01,-0.07,1721199272535
-1.04,-0.82,9.00,0.07,-0.01,0.19,1721199272545
1.00,0.08,11.09,0.04,-0.02,0.13,1721199272555
2.52,0.91,10.94,0.08,-0.03,-0.07,1721199272565
1.31,0.42,10.62,0.09,-0.04,-0.19,1721199272575
-1.19,1.36,8.99,0.15,-0.04,-0.13,1721199272585
-0.96,1.38,10.46,0.10,0.07,-0.01,1721199272595
-0.16,1.04,11.19,0.13,-0.02,0.05,1721199272605
0.68,0.34,10.12,0.09,0.04,0.02,1721199272615
0.85,2.39,9.21,0.17,0.00,-0.06,1721199272625
0.85,-0.49,9.26,0.11,0.07,-0.14,1721199272635
-0.47,-0.55,9.64,0.17,0.01,-0.09,1721199272645
-0.63,0.98,10.40,0.14,0.11,-0.03,1721199272655
0.09,0.79,10.43,0.16,0.02,0.01,1721199272665
1.84,0.01,10.81,0.14,0.10,-0.02,1721199272675
2.36,1.96,11.02,0.16,0.14,-0.17,1721199272685
0.64,1.98,8.94,0.15,-0.01,-0.29,1721199272695
-0.24,1.21,11.09,0.07,0.18,-0.31,1721199272705
-0.43,-1.27,9.20,0.09,0.06,-0.25,1721199272715
-1.28,-0.03,8.48,0.01,0.18,-0.33,1721199272725
-2.13,-0.14,11.58,0.01,0.11,-0.37,1721199272735
-2.58,-1.01,9.67,0.03,0.06,-0.29,1721199272745
-2.53,2.43,10.72,0.00,0.18,-0.12,1721199272755
-0.66,1.02,10.69,-0.06,0.08,-0.13,1721199272765
-0.12,-0.48,12.53,-0.06,0.09,-0.15,1721199272775
0.08,-0.25,9.41,-0.01,0.13,-0.23,1721199272785
-0.49,1.22,8.35,-0.08,0.09,-0.22,1721199272795
-0.45,-0.51,9.31,-0.07,0.13,-0.15,1721199272805
-0.24,-0.56,10.85,-0.06,0.10,-0.16,1721199272815
-0.20,-0.19,9.45,-0.03,0.10,-0.15,1721199272825
-0.96,-0.67,9.50,-0.10,0.13,-0.17,1721199272835
-1.25,0.73,10.86,-0.08,0.09,-0.16,1721199272845
-0.95,-0.45,11.95,-0.15,0.12,-0.12,1721199272855
-1.49,-0.74,8.38,-0.05,0.07,-0.07,1721199272865
0.17,-2.70,7.92,-0.19,0.14,-0.02,1721199272875
-0.23,1.04,13.18,-0.07,0.11,-0.07,1721199272885
0.44,-1.36,9.86,-0.12,0.11,-0.10,1721199272895
-1.24,2.46,11.12,-0.11,0.06,-0.14,1721199272905
-0.61,0.45,11.08,-0.12,0.15,-0.08,1721199272915
-1.01,-3.25,9.50,-0.17,0.08,0.04,1721199272925
-0.95,0.18,8.45,-0.04,0.10,0.01,1721199272935
0.66,0.08,9.40,-0.05,0.14,-0.01,1721199272945
-0.10,-0.01,11.28,-0.04,0.08,-0.04,1721199272955
-1.28,2.07,8.90,-0.01,0.06,-0.02,1721199272965
0.20,2.15,12.17,-0.06,0.17,-0.00,1721199272975
-0.77,0.68,11.74,-0.01,-0.03,-0.02,1721199272985
-1.70,-0.82,8.61,-0.05,0.11,-0.06,1721199272995
-0.66,0.49,11.83,0.08,0.07,0.05,1721199273005
-0.79,-1.42,10.00,0.00,0.10,0.07,1721199273015
-1.86,0.97,10.13,0.08,-0.02,0.07,1721199273025
0.01,1.41,10.38,0.07,0.19,0.00,1721199273035
-0.31,0.95,11.59,0.05,-0.02,0.03,1721199273045
-1.34,0.19,9.56,0.04,0.07,0.05,1721199273055
0.17,-0.26,10.68,0.03,0.09,0.00,1721199273065
-0.38,0.47,11.80,0.04,0.01,0.03,1721199273075
-1.96,0.06,9.99,0.06,0.06,0.07,1721199273085
-0.53,0.29,11.37,0.06,0.11,0.04,1721199273095
-0.39,0.35,11.56,0.05,-0.04,0.09,1721199273105
-1.39,2.44,12.22,0.07,0.07,0.06,1721199273115
-0.53,-1.23,9.55,0.06,0.03,0.06,1721199273125
-1.56,1.09,10.34,0.08,-0.06,0.10,1721199273135
-0.39,-0.98,9.64,0.05,0.05,0.09,1721199273145
-0.88,0.33,9.76,0.11,-0.05,0.02,1721199273160
-0.37,1.18,7.87,0.11,-0.07,0.02,1721199273164
-1.02,2.24,11.96,0.03,0.05,0.02,1721199273174
-1.14,0.23,9.64,0.08,-0.08,0.04,1721199273184
-1.48,1.46,9.14,0.06,-0.04,0.10,1721199273194
-0.84,-0.00,10.01,0.06,-0.01,0.11,1721199273204
-0.71,0.78,9.11,0.05,-0.07,0.10,1721199273214
0.52,-1.05,10.00,0.01,-0.04,0.11,1721199273224
0.46,-0.05,12.47,0.03,-0.04,0.09,1721199273234
0.52,0.56,9.99,0.09,-0.11,0.02,1721199273244
0.15,1.05,10.85,0.06,-0.10,0.01,1721199273254
-0.98,1.98,10.47,0.09,-0.06,0.03,1721199273264
-1.54,0.23,9.07,-0.04,-0.10,0.02,1721199273274
-1.66,1.15,10.12,-0.01,-0.16,0.09,1721199273284
-0.69,-1.15,9.72,-0.09,-0.04,0.17,1721199273294
-0.72,0.81,10.65,-0.05,-0.10,0.18,1721199273304
0.49,0.73,9.02,-0.06,-0.13,0.11,1721199273314
1.68,1.08,10.97,-0.04,-0.10,0.13,1721199273324
0.45,1.08,8.89,-0.06,-0.13,0.04,1721199273334
-1.41,0.92,12.54,-0.18,-0.10,-0.07,1721199273344
-1.96,1.10,11.25,0.02,-0.22,0.05,1721199273354
-1.26,-1.24,7.34,-0.16,-0.06,0.23,1721199273364
-0.60,-0.78,10.46,-0.15,-0.18,0.21,1721199273374
0.94,2.16,10.66,-0.08,-0.09,0.08,1721199273384
1.00,-0.21,11.32,-0.17,-0.12,-0.03,1721199273394
-2.36,-1.61,12.09,-0.19,-0.19,-0.04,1721199273404
-2.62,0.70,10.63,-0.15,-0.10,0.07,1721199273414
-0.43,0.28,9.82,-0.19,-0.11,0.23,1721199273424
0.19,-1.76,9.42,-0.20,-0.11,0.14,1721199273434
1.01,-0.62,8.68,-0.20,-0.12,0.02,1721199273444
-0.78,0.04,9.51,-0.14,-0.22,-0.07,1721199273454
-0.72,-2.67,9.99,-0.23,-0.10,0.04,1721199273464
-0.54,1.03,11.30,-0.13,-0.16,0.14,1721199273474
0.57,-0.77,9.03,-0.14,-0.14,0.06,1721199273484
-0.14,-1.10,11.09,-0.15,-0.17,-0.01,1721199273494
-0.39,0.42,11.65,-0.12,-0.15,-0.00,1721199273504
-0.29,1.57,11.35,-0.09,-0.14,0.04,1721199273514
-0.02,0.87,10.18,-0.09,-0.15,0.10,1721199273524
1.12,2.63,10.12,-0.04,-0.09,-0.00,1721199273534
2.11,0.29,10.98,-0.10,-0.13,-0.07,1721199273544
0.93,1.16,10.99,-0.04,-0.12,-0.11,1721199273554
-0.35,-0.20,10.22,-0.03,-0.12,-0.19,1721199273564
0.19,1.25,12.47,0.04,-0.11,-0.05,1721199273574
0.64,-0.43,9.34,0.04,-0.06,-0.08,1721199273584
0.12,1.85,12.33,0.09,-0.06,-0.18,1721199273594
0.58,0.37,9.40,0.14,-0.08,-0.16,1721199273604
-0.09,0.71,10.39,0.12,-0.04,-0.07,1721199273614
0.68,0.97,11.21,0.14,-0.04,-0.10,1721199273624
1.12,0.36,11.25,0.16,-0.05,-0.13,1721199273634
1.09,-0.95,10.75,0.15,-0.05,-0.16,1721199273644
0.42,0.85,10.34,0.19,-0.00,-0.22,1721199273654
0.30,-1.64,9.15,0.16,-0.04,-0.21,1721199273664
-0.35,1.75,13.14,0.20,0.02,-0.19,1721199273674
-0.09,0.87,10.03,0.27,-0.02,-0.17,1721199273684
0.09,0.25,10.06,0.19,0.03,-0.16,1721199273694
0.19,1.40,10.50,0.20,0.03,-0.23,1721199273704
-0.88,-0.86,7.76,0.18,-0.01,-0.30,1721199273714
-1.43,-1.43,8.98,0.17,0.03,-0.16,1721199273724
0.35,-0.67,8.43,0.17,0.04,-0.03,1721199273734
1.44,0.45,10.30,0.14,0.09,-0.20,1721199273744
0.65,-0.81,10.19,0.13,-0.01,-0.29,1721199273754
-1.05,0.92,12.69,0.17,0.07,-0.33,1721199273764
-1.87,0.75,8.82,0.23,0.02,-0.22,1721199273774
-1.65,1.43,9.25,0.17,0.07,-0.11,1721199273784
0.47,0.50,11.02,0.14,0.09,-0.11,1721199273794
0.25,-1.33,10.26,0.12,0.03,-0.24,1721199273804
-1.07,-0.65,9.52,0.13,0.01,-0.25,1721199273814
-0.53,0.57,8.36,0.10,0.09,-0.10,1721199273824
-0.07,0.86,9.83,0.05,0.10,-0.17,1721199273834
-0.67,0.79,10.13,0.09,-0.03,-0.22,1721199273844
-0.52,0.32,8.07,0.04,0.05,-0.21,1721199273854
-0.99,-0.08,8.32,-0.08,0.05,-0.16,1721199273864
-1.19,0.04,11.79,-0.11,0.05,-0.18,1721199273874
-0.43,0.17,11.44,0.01,0.01,-0.17,1721199273884
-0.90,1.80,11.52,-0.06,0.07,-0.16,1721199273894
-0.88,1.37,9.67,-0.07,-0.03,-0.13,1721199273904
0.49,0.23,10.13,-0.18,0.09,-0.16,1721199273914
0.92,-1.02,11.26,-0.11,-0.01,-0.20,1721199273924
0.28,-1.59,9.97,-0.14,0.05,-0.26,1721199273934
-0.77,0.46,7.96,-0.02,-0.04,-0.24,1721199273944
0.22,-0.33,10.19,-0.17,0.10,-0.19,1721199273954
0.09,0.64,11.35,-0.07,0.01,-0.16,1721199273964
0.68,0.37,10.44,-0.15,0.10,-0.25,1721199273974
-0.18,-2.27,9.97,-0.16,-0.05,-0.23,1721199273984
-1.71,-0.62,10.19,-0.12,0.10,-0.25,1721199273994
-0.81,1.54,9.73,-0.08,0.03,-0.16,1721199274004
0.08,0.04,6.05,-0.09,0.02,-0.10,1721199274014
1.08,-2.76,13.73,-0.24,0.18,-0.18,1721199274024
-0.01,3.62,13.99,-0.02,-0.04,-0.24,1721199274034
0.30,1.51,9.87,-0.18,0.13,-0.23,1721199274044
-1.48,2.11,9.63,-0.10,-0.02,-0.24,1721199274054
-0.34,-0.59,8.58,-0.12,0.11,-0.19,1721199274064
0.82,1.63,12.65,-0.07,0.16,-0.24,1721199274074
-0.84,-0.37,7.90,-0.07,-0.06,-0.35,1721199274084
-2.71,-0.81,11.51,-0.19,0.16,-0.35,1721199274094
-1.38,-1.01,11.20,-0.03,0.08,-0.20,1721199274104
-2.26,0.12,9.99,-0.03,0.03,-0.11,1721199274114
-1.25,1.68,11.83,0.06,0.10,-0.17,1721199274124
0.71,0.96,11.04,0.09,0.14,-0.23,1721199274134
-0.60,2.04,12.01,0.10,0.04,-0.21,1721199274144
-0.60,-0.40,8.67,0.04,0.04,-0.23,1721199274154
-2.07,1.90,9.70,0.17,0.06,-0.30,1721199274164
-1.33,-1.99,8.00,0.13,0.05,-0.20,1721199274174
-2.15,0.10,10.96,0.09,0.05,-0.19,1721199274184
-0.51,0.57,8.98,0.10,0.09,-0.19,1721199274194
-0.67,-0.67,11.20,-0.01,0.09,-0.23,1721199274204
-1.80,1.91,11.82,0.08,0.03,-0.27,1721199274214
-1.40,-0.58,7.87,0.08,0.04,-0.08,1721199274224
-1.71,-2.94,10.13,0.07,0.05,-0.02,1721199274234
0.06,1.09,11.39,0.14,0.06,-0.15,1721199274244
1.09,2.51,10.47,0.12,0.03,-0.23,1721199274254
-0.92,0.84,9.95,0.08,-0.00,-0.22,1721199274264
-2.72,-2.05,10.33,0.05,0.02,-0.16,1721199274274
-2.46,0.44,12.09,0.07,0.06,-0.07,1721199274284
-1.64,1.20,10.93,0.10,0.00,-0.03,1721199274294
-1.10,0.80,10.58,0.08,-0.00,-0.04,1721199274304
-0.89,-1.97,10.97,0.05,-0.00,-0.12,1721199274314
-0.95,2.84,14.72,0.21,0.04,-0.10,1721199274324
0.16,4.13,6.81,0.32,-0.06,0.05,1721199274334
0.72,3.50,7.37,0.24,0.00,0.03,1721199274344
2.77,-0.11,8.48,0.24,-0.02,-0.10,1721199274354
1.03,-1.04,8.59,0.15,-0.03,-0.26,1721199274364
-1.77,0.87,11.39,0.13,-0.04,-0.32,1721199274374
-2.83,0.27,11.43,0.15,-0.02,-0.17,1721199274384
-2.16,1.19,10.53,0.15,0.01,0.06,1721199274394
-0.55,0.64,10.28,0.06,0.03,0.07,1721199274404
0.43,0.40,10.30,0.04,-0.05,-0.03,1721199274414
1.56,-0.80,9.90,0.01,0.06,-0.10,1721199274424
0.89,-0.58,8.82,0.07,-0.08,-0.08,1721199274434
-0.18,-0.30,8.46,0.03,0.04,-0.09,1721199274444
0.22,1.81,11.08,0.13,-0.03,-0.13,1721199274454
-1.31,-0.16,8.31,0.01,-0.07,-0.12,1721199274464
-3.63,2.30,12.58,-0.01,-0.06,-0.11,1721199274474
-1.53,-0.83,10.73,-0.04,-0.01,-0.00,1721199274484
-2.04,-0.30,6.79,-0.05,-0.13,0.16,1721199274494
-0.27,-0.25,10.72,-0.14,0.07,0.13,1721199274504
3.09,-0.88,10.74,-0.03,-0.09,0.10,1721199274514
2.09,-0.17,10.01,-0.11,-0.01,-0.05,1721199274524
-0.23,1.95,11.16,-0.11,-0.08,-0.28,1721199274534
-1.11,-1.09,11.78,-0.16,-0.06,-0.25,1721199274544
-2.70,-0.93,9.42,-0.04,-0.10,0.04,1721199274554
-1.22,-0.60,7.29,-0.17,0.03,0.07,1721199274564
0.38,-1.12,11.25,-0.10,-0.09,-0.03,1721199274574
1.21,-0.73,11.78,-0.17,0.03,-0.10,1721199274584
-0.58,1.96,9.19,-0.07,-0.15,-0.15,1721199274594
-0.73,-1.95,9.05,-0.24,0.02,-0.10,1721199274604
-0.80,-1.10,11.70,-0.14,-0.04,-0.06,1721199274614
-0.71,-0.76,7.41,-0.13,-0.05,-0.07,1721199274624
0.40,-2.49,9.92,-0.15,0.00,-0.11,1721199274634
0.94,-0.14,11.73,-0.11,0.02,-0.18,1721199274644
0.47,0.21,12.53,-0.11,-0.04,-0.22,1721199274654
0.42,1.27,10.19,-0.02,-0.00,-0.15,1721199274664
-0.71,2.71,9.72,0.02,0.00,-0.23,1721199274674
-0.01,0.72,9.56,0.02,0.02,-0.15,1721199274684
0.20,-1.16,9.49,-0.03,0.07,-0.24,1721199274694
-0.36,0.73,10.45,0.10,0.03,-0.24,1721199274704
0.05,-2.23,9.15,0.01,0.06,-0.18,1721199274714
0.94,0.38,13.45,0.07,0.08,-0.22,1721199274724
0.44,2.77,10.94,0.14,0.10,-0.34,1721199274734
0.22,1.40,11.44,0.11,0.10,-0.32,1721199274744
-0.16,-0.34,8.67,0.15,0.03,-0.25,1721199274754
-1.22,-0.73,11.17,0.13,0.19,-0.27,1721199274764
-1.22,0.58,11.90,0.16,0.08,-0.27,1721199274774
-0.84,0.57,8.58,0.16,0.09,-0.25,1721199274784
-0.05,-0.68,11.44,0.12,0.18,-0.22,1721199274794
0.21,-1.49,10.77,0.13,0.11,-0.22,1721199274804
-0.61,1.85,12.23,0.14,0.16,-0.27,1721199274814
-0.24,1.06,8.84,0.16,0.11,-0.22,1721199274824
-0.21,0.10,10.06,0.14,0.16,-0.20,1721199274834
0.38,0.06,9.92,0.17,0.17,-0.22,1721199274844
-0.29,-1.04,10.95,0.15,0.14,-0.25,1721199274854
-0.79,0.79,11.33,0.18,0.16,-0.16,1721199274864
-0.33,3.31,10.04,0.22,0.20,-0.12,1721199274874
0.19,1.11,7.69,0.19,0.15,-0.18,1721199274884
-0.07,-1.59,9.03,0.07,0.23,-0.26,1721199274894
-1.26,0.09,10.22,0.16,0.13,-0.20,1721199274904
-0.87,-0.61,8.87,0.08,0.21,-0.15,1721199274914
-0.73,-0.97,9.83,0.10,0.15,-0.09,1721199274924
-0.53,1.78,9.74,0.12,0.21,-0.13,1721199274934
-0.44,0.45,9.74,0.04,0.18,-0.18,1721199274944
-1.74,1.64,10.04,0.03,0.15,-0.09,1721199274954
-0.75,-2.21,10.30,-0.08,0.22,-0.05,1721199274964
-0.75,0.72,11.77,-0.00,0.16,-0.05,1721199274974
0.15,2.33,9.78,-0.05,0.20,-0.02,1721199274984
0.17,0.70,9.41,-0.07,0.12,-0.09,1721199274994
-0.39,-0.28,10.39,-0.13,0.12,-0.09,1721199275004
-0.33,0.20,10.08,-0.11,0.16,-0.07,1721199275014
-0.06,-0.90,12.14,-0.14,0.12,-0.06,1721199275024
-0.02,0.82,8.28,-0.04,0.05,-0.00,1721199275034
0.96,0.02,9.76,-0.14,0.22,-0.05,1721199275044
0.31,0.80,11.92,-0.04,0.11,-0.13,1721199275054
-0.87,1.04,9.31,-0.14,0.09,-0.12,1721199275064
-1.14,1.29,11.30,-0.06,0.13,-0.05,1721199275074
0.28,-2.66,8.20,-0.18,0.16,0.06,1721199275084
-0.34,0.24,10.43,-0.11,0.06,0.01,1721199275094
0.32,-1.64,8.68,-0.10,0.15,-0.10,1721199275104
-0.15,-1.60,11.75,-0.18,0.14,-0.09,1721199275114
-1.00,0.36,11.89,-0.12,0.10,-0.02,1721199275124
-0.22,-0.82,10.80,-0.13,0.15,-0.02,1721199275134
-0.43,1.22,11.58,-0.09,0.10,0.03,1721199275143
-0.05,1.09,11.00,-0.05,0.11,-0.02,1721199275153
-0.20,-0.08,10.65,-0.07,0.04,-0.02,1721199275168
-0.01,0.85,11.07,-0.10,0.19,0.03,1721199275172
-0.61,0.41,10.29,-0.01,-0.06,0.04,1721199275182
-0.36,0.49,8.75,-0.01,0.24,0.03,1721199275192
0.75,-1.48,10.32,0.00,0.03,-0.02,1721199275202
-1.16,2.14,10.50,0.04,0.10,-0.10,1721199275212
-0.93,2.84,12.83,0.06,0.14,-0.03,1721199275222
-1.59,2.91,11.39,0.06,0.01,-0.00,1721199275232
-1.14,-0.67,11.17,0.04,0.13,0.07,1721199275242
0.11,1.69,10.30,0.13,0.13,0.08,1721199275252
0.26,-0.24,5.10,0.14,-0.05,0.07,1721199275262
-0.12,-0.06,9.14,0.12,0.21,-0.02,1721199275272
1.23,-1.53,9.24,0.08,0.10,-0.14,1721199275282
-1.23,0.96,11.62,0.07,0.00,-0.16,1721199275292
-2.02,-0.64,8.90,0.08,0.09,-0.02,1721199275302
-0.70,0.31,10.83,0.01,0.18,-0.00,1721199275312
0.46,-0.68,9.94,0.08,-0.07,0.11,1721199275322
-0.30,-2.21,9.89,-0.04,0.17,-0.05,1721199275332
0.67,1.18,12.45,0.09,0.08,-0.16,1721199275342
-1.20,-0.15,9.06,-0.02,0.03,-0.09,1721199275352
-2.71,1.35,11.87,0.02,0.02,-0.09,1721199275362
-0.57,-0.91,9.25,-0.00,0.08,0.00,1721199275372
-0.61,1.18,12.31,0.01,0.05,-0.01,1721199275382
-0.69,-0.89,7.90,-0.00,-0.06,-0.00,1721199275392
-1.36,1.80,12.85,0.01,0.04,-0.00,1721199275402
-0.51,0.59,9.07,0.09,-0.00,-0.02,1721199275412
-1.45,1.22,12.27,0.02,-0.01,0.03,1721199275422
-1.48,1.01,9.90,0.08,-0.02,0.04,1721199275432
-0.60,1.26,10.54,0.06,0.04,0.04,1721199275442
0.39,-0.21,9.76,0.04,-0.01,0.08,1721199275452
0.09,1.87,11.30,0.12,-0.05,0.03,1721199275462
1.60,1.58,10.92,0.14,0.03,0.02,1721199275472
1.18,1.03,11.09,0.10,-0.03,-0.05,1721199275482
-0.85,2.69,10.69,0.12,-0.07,-0.11,1721199275492
-0.66,0.91,10.68,0.08,0.09,0.01,1721199275502
-0.78,-0.69,8.19,0.04,-0.08,0.06,1721199275512
-0.17,0.12,9.54,0.03,0.02,0.05,1721199275522
0.95,1.37,10.80,0.03,0.07,0.05,1721199275532
0.21,3.52,10.81,0.05,-0.05,-0.02,1721199275542
-1.48,0.53,9.18,0.01,-0.09,-0.03,1721199275552
-1.94,1.11,10.81,-0.02,0.06,0.07,1721199275562
-1.12,1.18,9.90,0.02,-0.08,0.13,1721199275572
-1.08,-0.89,8.25,-0.04,-0.07,0.12,1721199275582
-0.30,-0.49,9.14,-0.06,-0.01,0.07,1721199275592
0.38,-0.29,9.92,0.03,-0.01,0.05,1721199275602
0.25,-1.42,8.91,-0.08,-0.02,0.07,1721199275612
-0.56,1.36,9.83,0.00,-0.02,0.01,1721199275622
0.08,0.50,9.65,-0.10,0.01,0.00,1721199275632
-0.60,-0.52,10.63,-0.17,-0.02,0.01,1721199275642
-0.89,-0.89,9.33,-0.15,-0.09,0.01,1721199275652
-0.96,-1.36,10.90,-0.21,0.01,0.06,1721199275662
-0.11,-0.56,8.74,-0.19,-0.06,0.05,1721199275672
-0.13,-0.89,10.28,-0.18,-0.06,-0.04,1721199275682
-0.28,-1.17,9.60,-0.14,-0.04,-0.06,1721199275692
-1.09,1.00,9.07,-0.17,-0.02,-0.08,1721199275702
-1.51,0.43,11.91,-0.19,-0.04,-0.02,1721199275712
-1.70,0.57,9.88,-0.15,-0.07,0.06,1721199275722
-0.52,-1.41,9.05,-0.18,-0.03,0.10,1721199275732
0.24,0.03,10.91,-0.17,-0.04,0.11,1721199275742
0.63,0.42,10.58,-0.10,-0.10,0.00,1721199275752
0.89,2.10,11.31,-0.05,-0.03,-0.05,1721199275762
0.16,0.57,7.41,0.00,-0.13,-0.06,1721199275772
-0.83,2.81,13.04,0.01,-0.02,-0.04,1721199275782
-0.51,-0.76,10.19,0.02,-0.06,0.01,1721199275792
-0.70,1.51,12.25,0.00,-0.01,-0.05,1721199275802
-0.51,-1.25,10.43,0.09,-0.14,0.07,1721199275812
-0.79,2.17,9.72,0.15,-0.05,0.09,1721199275822
1.76,2.05,9.27,0.17,0.02,0.02,1721199275832
1.25,-0.67,9.93,0.10,-0.10,-0.01,1721199275842
0.80,-0.52,10.01,0.09,-0.03,-0.11,1721199275852
-0.12,-0.70,11.98,0.09,-0.03,-0.13,1721199275862
-0.34,-0.27,10.88,0.11,-0.09,-0.02,1721199275872
0.31,2.73,10.28,0.23,0.03,0.06,1721199275882
2.78,-0.69,10.10,0.09,0.04,0.01,1721199275892
0.90,3.06,12.20,0.18,-0.02,-0.28,1721199275902
0.21,-2.51,10.64,0.05,0.02,-0.22,1721199275912
-2.35,1.74,10.69,0.17,0.01,-0.08,1721199275922
0.25,-1.89,9.14,0.09,0.10,0.04,1721199275932
2.26,2.27,11.19,0.18,0.10,-0.05,1721199275942
2.69,-1.24,8.94,0.10,0.08,-0.29,1721199275952
-0.94,2.79,14.49,0.17,0.09,-0.43,1721199275962
-1.44,-0.24,8.97,0.21,0.07,-0.22,1721199275972
-1.98,0.34,10.30,0.14,0.14,-0.14,1721199275982
-0.34,-0.97,10.10,0.18,0.13,-0.17,1721199275992
0.03,0.63,10.80,0.16,0.13,-0.17,1721199276002
-0.35,1.96,9.84,0.15,0.11,-0.24,1721199276012
-0.72,2.34,10.22,0.14,0.15,-0.28,1721199276022
-0.37,0.46,9.78,0.09,0.17,-0.25,1721199276032
-1.16,1.98,8.95,0.07,0.12,-0.23,1721199276042
-0.54,-1.30,9.69,-0.03,0.15,-0.17,1721199276052
-0.42,0.43,11.21,0.04,0.13,-0.20,1721199276062
-0.53,1.54,7.52,0.02,0.11,-0.23,1721199276072
-0.55,-0.19,10.57,-0.03,0.16,-0.16,1721199276082
-0.61,0.22,8.72,-0.00,0.12,-0.17,1721199276092
-0.46,1.05,10.08,-0.09,0.15,-0.19,1721199276102
-0.42,-0.74,12.07,-0.07,0.12,-0.13,1721199276112
-0.27,-0.12,9.76,-0.09,0.12,-0.16,1721199276122
-0.01,-2.68,11.25,-0.22,0.12,-0.14,1721199276132
-0.07,-1.14,12.21,-0.14,0.14,-0.25,1721199276142
-0.09,-0.06,8.43,-0.11,0.10,-0.24,1721199276152
-1.87,-0.71,9.82,-0.12,0.13,-0.17,1721199276162
-1.22,-0.88,8.90,-0.15,0.16,-0.12,1721199276172
-1.08,0.47,11.79,-0.12,0.09,-0.04,1721199276182
-0.13,-2.66,8.56,-0.18,0.11,-0.03,1721199276192
0.40,-1.27,10.89,-0.18,0.14,-0.09,1721199276202
0.32,-2.09,8.50,-0.17,0.04,-0.10,1721199276212
-0.33,-1.26,10.63,-0.13,0.15,-0.11,1721199276222
-0.79,0.66,7.99,-0.04,0.04,-0.11,1721199276232
-1.59,-0.26,10.49,-0.22,0.19,-0.03,1721199276242
-0.56,0.31,12.03,-0.12,0.05,0.03,1721199276252
-0.95,1.87,11.96,-0.16,0.16,-0.04,1721199276262
-0.10,0.18,10.87,-0.12,0.08,-0.07,1721199276272
-1.29,-0.69,9.22,-0.09,0.02,0.11,1721199276282
-0.91,2.37,10.13,-0.02,0.18,-0.00,1721199276292
0.74,1.22,13.02,-0.03,0.10,0.02,1721199276302
-1.17,2.97,11.90,-0.03,0.05,-0.11,1721199276312
-1.89,-0.88,11.54,-0.05,0.05,-0.06,1721199276322
-1.27,-0.97,12.34,-0.06,0.12,0.10,1721199276332
-1.17,0.52,9.60,0.12,0.00,0.07,1721199276342
0.26,-0.96,11.61,0.01,0.15,0.05,1721199276352
-0.53,2.08,11.48,0.20,-0.09,-0.03,1721199276362
-1.62,1.29,10.38,0.11,0.17,-0.04,1721199276372
-1.53,-1.06,9.43,0.13,-0.05,-0.01,1721199276382
-2.16,1.30,9.61,0.16,0.02,0.03,1721199276392
-0.84,-4.27,9.25,0.13,0.01,0.18,1721199276402
0.41,1.57,12.75,0.15,0.02,0.15,1721199276412
0.83,1.70,9.60,0.21,-0.03,0.01,1721199276422
-0.65,2.00,8.51,0.13,-0.05,-0.03,1721199276432
-1.25,-0.38,10.10,0.13,-0.01,-0.01,1721199276442
-1.61,-1.30,9.92,0.07,-0.06,0.07,1721199276452
-0.97,-1.45,9.98,0.12,-0.11,0.17,1721199276462
-0.24,0.29,9.37,0.08,-0.03,0.20,1721199276472
0.32,2.57,10.99,0.15,-0.05,0.05,1721199276482
-0.58,0.75,8.82,0.08,-0.11,-0.01,1721199276492
-2.39,0.24,8.81,0.11,-0.16,0.13,1721199276502
-1.05,1.30,9.93,0.08,-0.02,0.32,1721199276512
1.33,1.47,11.02,0.10,-0.09,0.32,1721199276522
2.55,-0.13,10.04,0.06,-0.11,0.21,1721199276532
1.87,-0.84,10.70,0.02,-0.13,0.01,1721199276542
-0.03,0.45,11.75,0.03,-0.15,-0.03,1721199276552
-0.32,1.16,13.00,0.04,-0.06,0.09,1721199276562
0.16,2.86,9.92,0.12,-0.13,0.18,1721199276572
1.15,0.66,7.61,0.02,-0.05,0.17,1721199276582
1.52,-0.33,10.77,-0.02,-0.07,0.09,1721199276592
0.97,1.30,10.71,0.02,-0.10,-0.05,1721199276602
-0.31,0.67,8.88,0.06,-0.12,-0.02,1721199276612
-1.37,0.83,7.19,0.02,-0.13,0.05,1721199276622
-0.96,1.38,10.02,-0.02,-0.03,0.10,1721199276632
-0.63,0.60,10.16,-0.08,-0.14,0.02,1721199276642
-1.20,-1.25,9.81,-0.13,-0.11,-0.06,1721199276652
-2.41,-0.86,9.62,-0.18,-0.15,-0.03,1721199276662
-1.35,-1.46,11.90,-0.19,-0.04,0.10,1721199276672
-0.38,-0.09,8.13,-0.12,-0.17,0.09,1721199276682
1.01,-0.09,6.98,-0.18,-0.05,-0.02,1721199276692
1.42,-0.83,10.02,-0.24,-0.13,-0.10,1721199276702
-0.67,-1.66,10.83,-0.23,-0.14,-0.20,1721199276712
-2.59,-1.43,11.61,-0.21,-0.13,-0.18,1721199276722
-2.93,-1.62,9.11,-0.20,-0.16,0.00,1721199276732
-1.28,-2.43,7.81,-0.24,-0.09,0.15,1721199276742
0.59,-0.49,12.53,-0.14,-0.06,0.05,1721199276752
1.34,0.99,11.29,-0.15,-0.15,-0.04,1721199276762
0.03,4.52,10.88,-0.10,-0.13,-0.15,1721199276772
0.35,-0.38,9.47,-0.16,-0.14,-0.09,1721199276782
0.07,-1.28,10.29,-0.16,-0.15,-0.04,1721199276792
1.20,0.87,10.76,-0.10,0.04,-0.13,1721199276802
0.43,3.06,10.69,0.04,-0.26,-0.06,1721199276812
0.15,3.55,10.12,0.09,-0.02,-0.11,1721199276822
1.31,3.68,10.61,0.04,-0.09,-0.18,1721199276832
1.10,-0.59,9.37,-0.02,-0.00,-0.26,1721199276842
-1.47,-1.76,11.15,0.07,-0.18,-0.28,1721199276852
-1.23,0.02,10.37,0.14,0.03,-0.12,1721199276862
0.50,1.12,12.10,0.17,-0.08,-0.00,1721199276872
3.21,1.61,11.34,0.18,0.05,-0.13,1721199276882
2.43,2.38,11.12,0.21,-0.05,-0.43,1721199276892
-0.88,0.63,12.19,0.13,0.05,-0.48,1721199276902
-3.10,-1.00,11.63,0.20,-0.07,-0.23,1721199276912
-1.27,-2.74,10.12,0.21,0.09,-0.04,1721199276922
1.89,1.22,11.05,0.30,0.05,-0.07,1721199276932
2.71,2.86,10.40,0.25,0.10,-0.27,1721199276942
1.32,1.41,10.75,0.27,0.04,-0.45,1721199276952
-0.87,-1.70,6.74,0.23,0.07,-0.41,1721199276962
-1.38,-2.08,9.53,0.18,0.14,-0.24,1721199276972
-0.47,0.60,8.22,0.18,0.09,-0.13,1721199276982
1.67,-0.26,8.88,0.12,0.18,-0.13,1721199276992
2.76,-1.33,9.24,0.10,0.15,-0.29,1721199277002
0.83,-0.58,11.11,0.13,0.13,-0.44,1721199277012
-1.58,1.24,10.16,0.15,0.18,-0.45,1721199277022
-3.09,1.70,8.91,0.14,0.15,-0.32,1721199277032
-1.84,-1.82,10.22,0.01,0.20,-0.17,1721199277042
-0.22,-1.73,13.67,0.02,0.19,-0.17,1721199277052
0.93,1.25,12.24,0.05,0.21,-0.30,1721199277062
0.39,1.57,8.27,0.08,0.18,-0.35,1721199277072
0.49,0.03,7.04,-0.05,0.27,-0.34,1721199277082
-0.57,1.82,12.57,-0.01,0.21,-0.38,1721199277092
-1.13,1.99,9.17,0.01,0.20,-0.38,1721199277102
-2.02,-0.60,7.14,-0.11,0.16,-0.28,1721199277112
-2.01,-1.11,7.85,-0.07,-0.02,-0.01,1721199277648
-1.67,-0.51,10.24,-0.03,-0.01,0.04,1721199277653
-0.89,0.85,7.66,0.05,-0.07,0.12,1721199277662
-0.31,0.35,8.32,-0.10,0.03,0.07,1721199277672
-0.66,1.96,9.04,-0.06,-0.04,-0.01,1721199277682
0.18,-0.65,10.67,-0.25,0.03,-0.06,1721199277692
-1.22,-2.27,11.05,-0.23,-0.12,-0.08,1721199277702
-2.63,-2.91,11.41,-0.30,-0.03,-0.04,1721199277712
-2.07,-2.74,11.53,-0.22,-0.03,0.13,1721199277722
0.60,-0.41,9.65,-0.16,-0.04,0.19,1721199277732
1.52,0.92,9.31,-0.19,-0.00,0.04,1721199277742
0.54,0.53,11.40,-0.21,-0.11,-0.14,1721199277752
-1.77,-0.08,11.70,-0.22,-0.09,-0.09,1721199277762
-2.56,-0.24,11.03,-0.26,-0.05,-0.01,1721199277772
-1.81,-0.78,12.33,-0.25,-0.11,0.18,1721199277782
-0.11,0.63,11.82,-0.22,-0.01,0.18,1721199277792
0.31,2.62,12.31,-0.19,-0.08,0.04,1721199277802
0.20,1.97,11.81,-0.15,-0.06,-0.03,1721199277812
-0.55,0.87,10.08,-0.08,-0.11,0.03,1721199277822
-0.33,1.00,8.91,-0.04,-0.05,0.06,1721199277832
0.58,1.11,10.04,0.03,-0.07,0.01,1721199277842
0.46,-0.65,9.62,0.00,-0.09,-0.00,1721199277852
-0.02,-0.64,10.33,0.05,-0.07,-0.03,1721199277862
0.25,1.39,11.48,0.09,-0.06,-0.03,1721199277872
0.85,0.20,9.75,0.13,-0.06,0.00,1721199277882
0.72,-0.08,9.49,0.16,-0.02,0.01,1721199277892
0.29,-2.96,9.78,0.10,-0.06,-0.07,1721199277902
0.35,-0.36,13.77,0.12,-0.01,-0.04,1721199277912
1.16,0.91,11.25,0.20,-0.01,-0.03,1721199277922
0.24,1.37,8.70,0.23,-0.06,-0.07,1721199277932
0.66,0.76,8.91,0.21,0.03,-0.05,1721199277942
0.54,1.16,10.62,0.17,0.07,-0.15,1721199277952
-0.60,-0.47,8.86,0.16,-0.06,-0.14,1721199277962
-0.95,-0.28,9.28,0.15,0.02,0.02,1721199277972
1.16,-1.48,9.35,0.08,0.08,0.09,1721199277982
2.00,0.16,13.69,0.12,0.02,-0.03,1721199277992
1.91,2.31,10.22,0.19,0.06,-0.14,1721199278002
0.11,0.59,9.43,0.09,-0.00,-0.15,1721199278012
-0.48,-1.10,14.26,0.07,0.17,-0.14,1721199278022
-1.09,1.43,12.89,0.22,0.02,-0.09,1721199278032
-0.38,-0.59,8.95,0.15,0.06,0.00,1721199278042
0.85,-0.49,12.90,0.17,0.15,-0.09,1721199278052
1.17,1.21,13.28,0.25,0.10,-0.21,1721199278062
-1.08,2.74,10.26,0.31,0.02,-0.26,1721199278072
-1.26,0.78,7.70,0.26,0.14,-0.09,1721199278082
-0.62,2.96,7.80,0.24,0.11,-0.03,1721199278092
0.60,0.20,7.37,0.16,0.10,-0.09,1721199278102
0.76,-0.62,8.15,0.12,0.10,-0.13,1721199278112
0.15,2.11,7.98,0.12,0.12,-0.21,1721199278122
-0.10,1.41,7.91,0.00,0.08,-0.15,1721199278132
-0.37,0.48,10.43,-0.05,0.16,-0.18,1721199278142
-0.92,-2.16,9.18,-0.08,0.09,-0.23,1721199278152
-0.86,-1.66,9.96,-0.13,0.12,-0.08,1721199278162
-0.12,-0.00,10.35,-0.05,0.11,-0.08,1721199278172
0.49,1.44,8.80,-0.07,0.12,-0.19,1721199278182
0.28,-0.32,9.87,-0.13,0.11,-0.22,1721199278192
-0.91,-0.55,11.93,-0.16,0.10,-0.21,1721199278202
-0.99,-0.89,11.15,-0.18,0.11,-0.13,1721199278212
0.21,0.00,11.77,-0.18,0.14,-0.12,1721199278222
0.32,-0.02,8.58,-0.12,0.06,-0.19,1721199278232
-0.71,-0.80,9.87,-0.19,0.17,-0.29,1721199278242
-1.47,-0.19,11.80,-0.18,0.11,-0.26,1721199278252
-2.43,-0.02,11.64,-0.16,0.08,-0.16,1721199278262
-1.52,0.46,9.38,-0.18,0.16,-0.11,1721199278272
-0.63,-1.13,10.16,-0.17,0.11,-0.08,1721199278282
-0.11,-0.78,10.35,-0.14,0.17,-0.09,1721199278292
0.19,0.75,9.43,-0.07,0.08,-0.09,1721199278302
-0.25,0.05,10.92,-0.16,0.17,-0.11,1721199278312
-0.50,0.86,11.94,-0.07,0.09,-0.17,1721199278322
-1.39,2.58,10.22,-0.04,0.10,-0.15,1721199278332
-0.64,-1.49,10.63,-0.12,0.10,-0.09,1721199278342
-1.92,2.31,11.60,0.06,0.04,-0.03,1721199278352
0.04,-0.31,10.57,0.01,0.24,-0.09,1721199278362
-1.05,2.12,11.33,0.10,0.03,-0.12,1721199278372
-1.37,1.24,8.57,0.12,0.12,-0.00,1721199278382
-0.18,1.17,12.37,0.07,0.15,0.04,1721199278392
0.05,1.94,11.23,0.16,0.06,-0.07,1721199278402
-0.93,1.11,9.89,0.11,0.11,-0.08,1721199278412
-1.06,-1.92,8.29,0.13,0.10,-0.08,1721199278422
-1.49,-1.30,11.90,0.10,0.09,-0.01,1721199278432
-0.66,0.80,9.82,0.19,0.12,-0.03,1721199278442
-1.00,0.83,8.30,0.17,0.04,-0.05,1721199278452
-0.92,1.02,10.38,0.05,0.11,-0.05,1721199278462
-1.41,-2.06,11.09,0.04,-0.02,-0.07,1721199278472
-1.22,0.18,11.49,0.04,0.14,-0.03,1721199278482
-0.86,-1.99,7.03,0.03,-0.03,0.05,1721199278492
-1.08,-0.16,10.39,0.00,0.10,0.00,1721199278502
0.69,-0.96,10.85,0.00,0.01,-0.03,1721199278512
-1.19,2.59,11.32,0.05,-0.02,-0.12,1721199278522
-0.82,0.82,8.62,0.02,0.06,-0.05,1721199278532
-3.09,1.52,10.26,0.04,-0.06,-0.01,1721199278542
-1.71,-1.43,7.58,0.01,0.02,0.05,1721199278552
-0.64,0.86,11.31,0.03,0.01,0.08,1721199278562
0.59,1.93,10.09,0.05,-0.05,0.05,1721199278572
-0.26,2.97,10.98,0.03,-0.01,-0.03,1721199278582
-0.06,0.76,10.75,0.03,-0.02,-0.02,1721199278592
-1.50,0.00,9.89,0.01,-0.06,0.03,1721199278602
-0.75,0.72,10.71,0.03,-0.00,0.10,1721199278612
0.64,2.53,8.95,0.05,-0.03,0.13,1721199278622
1.19,1.90,8.73,-0.02,-0.01,0.02,1721199278632
-0.19,1.53,9.73,-0.00,-0.08,-0.06,1721199278642
-1.47,0.17,10.24,-0.06,-0.04,-0.03,1721199278652
-1.56,-2.04,11.38,-0.10,-0.06,0.14,1721199278662
-1.01,1.70,12.66,-0.05,-0.06,0.18,1721199278672
0.53,-0.22,9.62,-0.10,-0.11,0.17,1721199278682
0.02,1.08,10.35,-0.12,-0.04,0.00,1721199278692
-0.81,-1.38,11.42,-0.18,-0.08,-0.01,1721199278702
-3.07,1.49,11.76,-0.11,-0.13,0.14,1721199278712
-0.69,-2.25,9.79,-0.19,-0.07,0.32,1721199278722
0.11,0.52,9.86,-0.13,-0.11,0.22,1721199278732
1.56,-0.18,8.89,-0.15,-0.10,0.08,1721199278742
-0.17,0.36,9.49,-0.21,-0.12,-0.03,1721199278752
-0.78,-0.41,12.32,-0.20,-0.08,0.04,1721199278762
-1.62,-1.41,9.30,-0.21,-0.17,0.14,1721199278772
-0.84,-2.04,9.71,-0.29,-0.10,0.17,1721199278782
-0.12,0.90,11.96,-0.20,-0.10,0.10,1721199278792
0.62,-0.21,10.25,-0.18,-0.12,0.05,1721199278802
-1.12,0.90,10.36,-0.16,-0.18,-0.03,1721199278812
-0.37,1.01,10.45,-0.13,-0.08,0.08,1721199278822
0.43,1.17,11.53,-0.16,-0.11,0.14,1721199278832
0.59,3.27,13.34,-0.09,-0.14,0.10,1721199278842
1.37,2.26,8.68,-0.03,-0.13,0.02,1721199278852
0.87,-2.10,10.31,-0.13,-0.16,-0.01,1721199278862
0.27,0.04,12.10,-0.01,-0.06,-0.06,1721199278872
0.25,0.35,8.62,0.10,-0.17,-0.06,1721199278882
0.29,0.68,11.01,0.05,-0.06,0.05,1721199278892
0.92,3.04,11.94,0.17,-0.09,-0.00,1721199278902
0.63,2.54,12.30,0.04,-0.02,-0.16,1721199278912
-0.22,-1.13,9.29,0.10,-0.21,-0.12,1721199278922
0.03,-2.54,7.80,0.07,-0.01,-0.06,1721199278932
1.18,-2.01,10.93,0.16,-0.06,-0.03,1721199278942
1.96,1.50,13.01,0.14,0.04,-0.12,1721199278952
1.40,1.12,10.93,0.20,-0.10,-0.24,1721199278962
-0.02,0.05,10.38,0.09,0.06,-0.25,1721199278972
-1.73,-0.00,10.08,0.21,-0.07,-0.20,1721199278982
-1.36,-1.19,8.60,0.14,0.08,-0.05,1721199278992
0.58,-0.03,9.54,0.19,0.02,0.03,1721199279002
1.87,1.26,11.61,0.14,0.04,-0.11,1721199279012
1.79,1.99,11.34,0.22,0.00,-0.20,1721199279022
0.76,0.63,11.13,0.10,0.08,-0.26,1721199279032
-0.50,-0.15,11.23,0.17,0.03,-0.25,1721199279042
-0.95,-1.41,9.24,0.21,0.07,-0.23,1721199279052
-0.27,0.32,10.06,0.22,0.08,-0.17,1721199279062
-0.40,2.02,10.22,0.26,0.08,-0.22,1721199279072
-0.14,2.09,10.29,0.22,0.10,-0.20,1721199279082
-0.75,1.56,8.09,0.20,0.04,-0.19,1721199279092
-0.90,1.02,8.66,0.11,0.14,-0.22,1721199279102
-0.32,-0.45,9.56,0.08,0.07,-0.13,1721199279112
-0.18,1.86,10.46,0.09,0.14,-0.12,1721199279122
0.28,0.15,10.40,0.06,0.08,-0.22,1721199279132
0.06,0.11,11.57,-0.01,0.13,-0.27,1721199279142
-0.78,2.56,11.40,0.08,0.07,-0.29,1721199279152
-0.59,0.07,7.66,-0.02,0.16,-0.23,1721199279162
-1.18,-0.34,9.38,-0.00,0.09,-0.16,1721199279172
-0.40,1.08,8.44,0.02,0.12,-0.17,1721199279182
1.38,-0.20,9.26,-0.05,0.12,-0.15,1721199279192
1.24,1.43,10.45,-0.06,0.07,-0.25,1721199279202
-0.20,-0.19,9.09,-0.13,0.08,-0.31,1721199279212
-0.64,-1.55,10.36,-0.14,0.16,-0.28,1721199279222
-0.90,-2.28,9.28,-0.16,0.08,-0.19,1721199279232
-0.59,-1.15,10.54,-0.13,0.14,-0.16,1721199279242
0.69,-0.44,10.02,-0.16,0.20,-0.26,1721199279252
-0.44,-0.24,10.41,-0.15,0.10,-0.30,1721199279262
-0.82,-1.38,10.68,-0.17,0.17,-0.21,1721199279272
-0.60,-0.77,10.35,-0.18,0.14,-0.13,1721199279282
0.24,1.19,11.01,-0.12,0.25,-0.14,1721199279292
1.30,-1.93,7.80,-0.19,0.11,-0.20,1721199279302
-1.27,0.23,11.57,-0.19,0.13,-0.31,1721199279312
-1.00,-0.83,9.65,-0.02,0.17,-0.27,1721199279322
-1.04,1.79,9.72,-0.10,0.23,-0.14,1721199279332
-0.32,1.38,12.53,-0.13,0.23,-0.19,1721199279342
-1.19,4.58,13.11,-0.02,0.15,-0.25,1721199279352
-1.70,-1.04,8.03,-0.08,0.16,-0.23,1721199279362
-2.23,-0.26,11.95,-0.08,0.23,-0.20,1721199279372
-0.52,0.27,10.58,0.07,0.19,-0.05,1721199279382
-0.35,-1.15,11.28,-0.00,0.26,-0.14,1721199279392
-0.96,2.77,11.05,0.18,0.15,-0.20,1721199279402
-0.79,0.33,9.00,0.11,0.25,-0.18,1721199279412
-1.11,1.36,13.28,0.13,0.20,-0.19,1721199279422
-2.04,0.45,7.01,0.18,0.06,-0.11,1721199279432
-3.04,-1.25,8.72,0.11,0.17,-0.06,1721199279442
-1.37,-1.74,10.30,0.12,0.21,-0.02,1721199279452
-0.82,3.04,13.89,0.17,0.16,0.01,1721199279462
-0.86,1.87,9.71,0.10,0.07,-0.12,1721199279472
-2.62,-0.13,10.67,0.06,0.12,-0.13,1721199279482
-1.12,-0.79,10.13,0.09,0.22,-0.10,1721199279492
-1.13,-1.47,9.48,0.11,0.02,-0.02,1721199279502
-1.14,1.01,9.32,0.13,0.17,-0.03,1721199279512
-0.90,-0.82,9.25,0.13,0.04,-0.01,1721199279522
-1.50,2.76,11.39,0.08,0.15,-0.05,1721199279532
-1.43,-0.66,10.52,0.08,0.04,-0.00,1721199279542
-2.12,0.51,10.68,0.06,0.05,0.08,1721199279552
-1.26,-1.13,9.19,0.11,0.08,0.18,1721199279562
-0.22,0.15,11.38,0.10,0.06,0.18,1721199279572
0.49,1.89,11.09,0.16,0.04,0.15,1721199279582
1.69,1.92,9.49,0.11,0.01,0.08,1721199279592
0.47,1.02,8.40,0.08,0.00,-0.02,1721199279602
-0.33,1.29,9.83,0.06,0.05,-0.05,1721199279612
-0.40,-1.42,9.44,0.04,-0.02,0.12,1721199279622
-0.98,1.83,9.75,0.05,0.04,0.13,1721199279632
0.33,1.64,9.83,0.01,0.06,0.07,1721199279642
-1.80,0.05,10.06,-0.05,-0.02,0.06,1721199279657
-1.37,-0.19,10.25,-0.05,-0.01,0.10,1721199279661
-2.33,-0.45,9.72,-0.07,-0.05,0.21,1721199279671
-0.28,1.33,11.71,-0.06,0.03,0.25,1721199279681
0.56,0.50,9.70,-0.06,-0.09,0.20,1721199279691
0.07,-0.19,10.22,-0.10,-0.03,0.11,1721199279701
-1.29,-0.00,11.18,-0.10,-0.06,0.07,1721199279711
-2.25,1.50,10.24,-0.05,-0.09,0.16,1721199279721
-1.70,0.49,8.63,-0.07,-0.04,0.27,1721199279731
-0.14,-0.74,8.39,-0.15,-0.08,0.24,1721199279741
0.10,-1.34,11.68,-0.15,-0.05,0.20,1721199279751
-0.13,-1.19,9.84,-0.13,-0.14,0.05,1721199279761
-0.27,-3.07,8.78,-0.14,-0.11,0.14,1721199279771
-0.33,1.51,11.66,-0.09,-0.03,0.12,1721199279781
0.55,1.92,10.38,-0.07,-0.18,0.21,1721199279791
-0.95,0.99,7.29,-0.15,-0.09,0.12,1721199279801
-0.80,-3.24,12.76,-0.29,-0.07,0.07,1721199279811
-1.30,-2.73,11.12,-0.19,-0.17,0.12,1721199279821
-0.65,-0.76,9.62,-0.13,-0.07,0.22,1721199279831
0.31,0.56,7.65,0.00,-0.20,0.25,1721199279841
2.76,1.28,10.28,-0.06,0.05,0.12,1721199279851
1.71,3.62,12.88,-0.04,-0.19,-0.06,1721199279861
0.50,1.97,11.37,-0.02,-0.10,-0.07,1721199279871
-0.50,-1.68,7.67,-0.01,-0.11,0.04,1721199279881
0.17,0.51,12.36,-0.00,-0.03,0.07,1721199279891
1.84,0.79,11.24,0.08,-0.07,0.02,1721199279901
1.46,1.41,13.05,0.04,-0.06,-0.09,1721199279911
0.88,-0.61,9.53,0.07,-0.06,-0.12,1721199279921
-1.11,0.48,9.10,0.11,-0.03,-0.09,1721199279931
-0.14,-1.80,9.03,0.11,0.03,-0.02,1721199279941
0.17,1.85,11.77,0.23,-0.06,0.06,1721199279951
0.91,1.59,10.13,0.15,0.05,-0.03,1721199279961
1.77,1.10,13.19,0.09,0.02,-0.21,1721199279971
0.56,-1.22,10.34,0.11,-0.02,-0.24,1721199279981
-2.00,-1.81,9.75,0.12,0.02,-0.17,1721199279991
-1.50,-0.05,9.82,0.16,0.09,-0.02,1721199280001
0.83,0.50,11.69,0.14,0.05,-0.01,1721199280011
2.25,2.58,12.36,0.21,0.05,-0.15,1721199280021
1.61,0.46,10.11,0.14,0.07,-0.24,1721199280031
-0.74,1.64,9.56,0.19,0.08,-0.26,1721199280041
-1.42,-1.64,7.43,0.17,0.07,-0.17,1721199280051
-1.08,1.52,9.60,0.23,0.11,-0.05,1721199280061
0.83,0.26,8.29,0.16,0.12,-0.06,1721199280071
-0.19,1.12,11.49,0.11,0.08,-0.23,1721199280081
-0.85,0.00,10.02,0.08,0.07,-0.17,1721199280091
-1.66,0.93,10.48,0.07,0.09,-0.08,1721199280101
-0.02,-1.59,9.93,0.02,0.12,0.04,1721199280111
0.36,0.19,10.51,0.07,0.09,-0.01,1721199280121
1.16,0.42,8.58,0.02,0.11,-0.12,1721199280131
0.44,1.47,11.06,0.03,0.09,-0.18,1721199280141
-1.15,2.15,10.08,0.06,0.09,-0.18,1721199280151
-1.84,1.46,8.73,-0.00,0.08,-0.05,1721199280161
-0.39,-0.11,10.57,-0.11,0.12,0.02,1721199280171
0.97,0.35,14.50,-0.09,0.11,-0.07,1721199280181
0.82,1.58,9.64,0.03,0.02,-0.14,1721199280191
-0.22,0.64,6.85,-0.07,0.08,-0.22,1721199280201
-0.98,-0.34,10.40,-0.09,0.12,-0.18,1721199280211
-1.60,1.91,11.74,-0.06,0.06,-0.12,1721199280221
-1.30,0.42,8.23,-0.02,0.01,-0.03,1721199280231
0.57,-3.09,9.55,-0.23,0.21,-0.04,1721199280241
0.48,0.00,13.58,-0.08,0.04,-0.05,1721199280251
0.53,0.20,9.00,-0.15,0.12,-0.20,1721199280261
-1.30,-2.25,10.07,-0.09,-0.03,-0.20,1721199280271
-2.01,-0.47,11.20,-0.10,0.15,-0.03,1721199280281
-0.43,1.64,10.34,-0.01,0.09,0.06,1721199280291
0.51,1.17,8.94,-0.11,0.08,0.01,1721199280301
-0.55,0.67,10.19,-0.01,-0.01,-0.08,1721199280311
0.30,-1.73,8.94,-0.15,0.18,-0.05,1721199280321
-0.35,0.72,13.52,-0.05,-0.01,-0.05,1721199280331
-0.23,2.36,8.50,-0.02,0.05,-0.06,1721199280341
0.24,0.64,10.47,-0.08,0.11,-0.14,1721199280351
-1.77,1.84,11.94,-0.02,0.02,-0.17,1721199280361
-2.26,-1.41,8.96,-0.07,0.04,-0.06,1721199280371
-3.13,-0.36,10.98,-0.03,-0.00,0.09,1721199280381
-0.40,0.08,11.03,0.00,0.09,0.16,1721199280391
0.52,3.13,10.85,0.05,-0.01,0.05,1721199280401
0.22,0.96,10.51,0.01,0.01,-0.05,1721199280411
-0.85,-1.01,9.43,0.01,-0.01,-0.05,1721199280421
-1.68,0.96,11.83,0.05,0.02,0.01,1721199280431
-1.46,0.59,10.03,0.03,-0.03,0.08,1721199280441
-1.63,1.14,11.07,0.09,-0.10,0.10,1721199280451
0.32,1.03,9.52,0.06,0.05,0.08,1721199280461
1.25,1.20,11.40,0.06,-0.03,-0.01,1721199280471
-0.39,2.17,8.96,0.09,-0.06,-0.17,1721199280481
-1.14,-1.97,8.37,0.02,-0.09,-0.09,1721199280491
-1.98,0.13,10.94,0.06,0.01,-0.02,1721199280501
0.13,-0.35,10.61,0.08,-0.04,0.09,1721199280511
-0.54,1.79,11.06,0.05,-0.08,0.00,1721199280521
-0.11,1.59,10.19,0.07,-0.07,-0.06,1721199280531
-0.91,-0.32,10.35,0.03,-0.05,-0.04,1721199280541
-1.63,0.07,10.59,0.10,-0.09,0.05,1721199280551
-0.90,0.37,9.25,0.10,-0.11,0.14,1721199280561
0.71,0.61,10.44,0.13,-0.09,0.13,1721199280571
1.98,2.25,11.36,0.14,-0.03,-0.04,1721199280581
0.79,3.57,9.65,0.17,-0.10,-0.21,1721199280591
-2.45,1.38,8.49,0.09,-0.20,-0.11,1721199280601
-2.76,-0.29,11.33,0.02,-0.04,0.05,1721199280611
-1.27,0.66,11.71,0.10,-0.09,0.13,1721199280621
0.60,0.12,7.29,0.02,-0.12,0.14,1721199280631
1.02,0.26,9.37,0.01,-0.10,0.02,1721199280641
0.57,2.58,11.07,0.04,-0.08,-0.06,1721199280651
-0.73,2.73,8.85,0.10,-0.15,0.02,1721199280661
-1.66,0.16,7.88,-0.09,-0.13,0.04,1721199280671
-1.59,-0.62,13.05,-0.09,-0.14,0.06,1721199280681
-0.96,-0.34,11.26,-0.07,-0.15,0.06,1721199280691
-1.49,0.42,11.71,-0.08,-0.18,0.04,1721199280701
-0.62,-0.52,7.65,-0.03,-0.16,0.12,1721199280711
-0.28,0.09,9.50,-0.12,-0.09,0.07,1721199280721
0.17,-1.36,9.01,-0.07,-0.20,0.03,1721199280731
-0.43,0.23,10.89,-0.12,-0.09,0.05,1721199280741
-0.81,-1.75,8.00,-0.10,-0.25,0.03,1721199280751
0.44,-2.94,12.14,-0.16,-0.13,0.17,1721199280761
0.74,-0.52,9.11,-0.09,-0.17,0.10,1721199280771
0.27,1.35,12.05,-0.18,-0.17,-0.07,1721199280781
-0.67,0.74,10.99,-0.14,-0.21,-0.13,1721199280791
-1.73,-1.31,7.81,-0.19,-0.21,-0.05,1721199280801
-2.27,-1.84,10.66,-0.21,-0.16,0.08,1721199280811
-0.41,-0.42,11.37,-0.15,-0.16,0.11,1721199280821
1.16,-0.61,9.79,-0.07,-0.22,0.13,1721199280831
1.24,0.77,10.68,-0.09,-0.15,0.04,1721199280841
1.69,0.51,9.96,-0.07,-0.23,-0.08,1721199280851
0.17,0.69,11.40,-0.05,-0.17,-0.12,1721199280861
-0.00,-0.67,10.58,0.00,-0.15,-0.02,1721199280871
0.18,-0.88,10.74,-0.01,-0.19,0.06,1721199280881
2.61,0.23,10.70,0.03,-0.11,0.05,1721199280891
1.95,1.13,10.99,0.06,-0.22,-0.14,1721199280901
0.73,2.51,11.61,0.07,-0.07,-0.28,1721199280911
-0.37,-1.83,9.44,0.06,-0.22,-0.18,1721199280921
-1.59,1.20,10.44,0.09,-0.06,-0.15,1721199280931
1.24,-0.51,8.93,0.13,-0.06,-0.07,1721199280941
1.67,1.46,12.14,0.10,-0.11,-0.11,1721199280951
1.73,0.90,9.66,0.13,-0.05,-0.27,1721199280961
0.54,0.79,10.61,0.11,-0.08,-0.28,1721199280971
-0.61,0.16,9.79,0.10,-0.06,-0.29,1721199280981
-0.20,-2.42,10.03,0.11,-0.06,-0.20,1721199280991
0.84,1.97,11.05,0.11,0.03,-0.17,1721199281001
1.56,-0.05,11.03,0.16,-0.05,-0.37,1721199281011
0.60,1.92,10.35,0.20,0.04,-0.43,1721199281021
-0.85,2.54,9.50,0.22,-0.01,-0.43,1721199281031
-1.59,0.61,10.28,0.13,0.06,-0.41,1721199281041
-1.20,0.46,11.05,0.22,-0.00,-0.29,1721199281051
0.33,-0.40,6.84,0.16,0.06,-0.31,1721199281061
1.36,-1.69,9.99,0.07,0.06,-0.37,1721199281071
0.65,1.28,12.35,0.14,0.08,-0.45,1721199281081
-0.94,1.27,7.72,0.16,0.01,-0.42,1721199281091
-1.08,1.39,9.04,0.03,0.17,-0.35,1721199281101
-0.22,-0.93,10.87,-0.00,0.05,-0.30,1721199281111
-0.81,-0.79,12.06,-0.08,0.08,-0.41,1721199281121
-1.01,1.26,11.76,0.04,0.09,-0.40,1721199281131
-0.95,0.84,7.56,-0.01,0.09,-0.33,1721199281141
-0.30,0.46,9.68,-0.03,0.14,-0.28,1721199281151
0.54,0.57,8.82,0.04,0.10,-0.36,1721199281161
-0.18,3.12,11.23,-0.00,0.15,-0.41,1721199281171
-0.40,-0.75,9.87,-0.08,0.09,-0.36,1721199281181
-0.68,0.69,12.94,-0.03,0.13,-0.29,1721199281191
1.28,-1.79,7.72,-0.07,0.16,-0.31,1721199281201
0.74,1.66,12.93,-0.07,0.14,-0.42,1721199281211
0.10,2.32,10.04,0.04,0.17,-0.57,1721199281221
-1.10,-0.12,8.78,-0.07,0.19,-0.45,1721199281231
-1.92,-1.09,9.84,-0.05,0.22,-0.38,1721199281241
-0.81,-1.01,12.04,-0.08,0.24,-0.29,1721199281251
1.86,-0.05,10.54,-0.03,0.26,-0.37,1721199281261
1.26,0.42,10.06,-0.04,0.19,-0.45,1721199281271
-0.83,1.02,8.49,0.02,0.26,-0.53,1721199281281
-0.91,-0.83,10.55,-0.05,0.32,-0.40,1721199281291
-0.93,-1.20,10.38,-0.02,0.24,-0.36,1721199281301
-1.26,-1.21,10.41,0.01,0.28,-0.33,1721199281311
-1.40,0.47,9.22,0.02,0.27,-0.33,1721199281321
-0.95,0.40,10.57,0.01,0.34,-0.37,1721199281331
-1.11,1.93,10.03,0.05,0.25,-0.38,1721199281341
-1.59,-0.59,8.69,-0.00,0.30,-0.35,1721199281351
-2.06,-0.23,10.49,0.02,0.30,-0.32,1721199281361
-1.40,-0.16,9.88,-0.01,0.28,-0.29,1721199281371
-1.21,-1.14,10.31,0.01,0.24,-0.25,1721199281381
-1.65,0.96,11.92,-0.01,0.31,-0.24,1721199281391
-1.65,-1.47,10.60,-0.03,0.23,-0.22,1721199281401
-1.99,1.55,11.26,0.01,0.21,-0.18,1721199281411
-1.17,-1.95,8.64,-0.01,0.24,-0.14,1721199281421
-1.98,-0.75,11.65,-0.00,0.24,-0.06,1721199281431
-1.02,0.31,10.26,0.05,0.26,-0.14,1721199281441
-1.18,1.83,11.70,0.10,0.19,-0.13,1721199281451
-1.54,2.43,9.63,0.11,0.21,-0.11,1721199281461
-1.44,1.84,10.94,0.10,0.18,-0.09,1721199281471
-1.00,0.57,10.78,0.09,0.17,-0.06,1721199281481
-0.02,-0.53,8.92,0.09,0.18,0.01,1721199281491
-0.41,0.27,10.20,0.06,0.15,-0.07,1721199281501
-0.73,0.81,11.40,0.13,0.16,-0.11,1721199281511
-0.99,2.49,8.22,0.20,0.12,-0.02,1721199281521
-0.62,1.10,9.22,0.11,0.21,0.06,1721199281531
-0.65,1.89,11.47,0.16,0.09,0.04,1721199281541
0.40,0.11,10.68,0.09,0.17,0.05,1721199281551
-0.15,1.78,11.07,0.17,0.11,-0.04,1721199281561
0.13,0.56,8.32,0.13,0.14,-0.04,1721199281571
-0.47,1.01,10.13,0.11,0.12,-0.06,1721199281581
-1.13,0.94,9.56,0.12,0.10,0.01,1721199281591
-0.90,1.67,10.73,0.08,0.18,0.06,1721199281601
0.42,0.14,9.93,0.04,0.11,0.08,1721199281611
-0.37,0.55,10.23,0.01,0.10,0.02,1721199281621
-0.30,0.10,10.18,0.00,0.13,0.03,1721199281631
-0.91,1.96,9.39,0.07,0.07,0.07,1721199281641
-0.42,1.78,9.67,0.05,0.11,0.11,1721199281651
-0.22,-0.03,8.60,-0.03,0.10,0.01,1721199281666
-0.97,-0.43,9.21,-0.06,0.08,0.00,1721199281670
-2.01,0.17,10.68,-0.07,0.05,-0.02,1721199281680
-1.84,0.30,11.27,-0.03,0.03,0.12,1721199281690
-0.89,0.22,9.27,-0.04,0.04,0.19,1721199281700
0.29,0.04,11.42,-0.09,0.07,0.10,1721199281710
0.29,1.23,11.45,-0.04,0.02,0.00,1721199281720
-1.03,-1.32,9.83,-0.17,0.05,-0.04,1721199281730
-3.06,1.30,11.56,-0.07,-0.04,0.03,1721199281740
-1.02,-2.39,6.46,-0.16,0.02,0.18,1721199281750
0.09,-1.22,12.09,-0.15,0.03,0.18,1721199281760
1.45,-0.12,9.09,-0.11,-0.00,0.04,1721199281770
-1.37,2.09,9.67,-0.14,-0.01,-0.11,1721199281780
-1.79,-2.55,10.49,-0.19,-0.05,0.01,1721199281790
-1.87,0.17,11.06,-0.12,0.01,0.11,1721199281800
-0.44,0.11,11.39,-0.14,-0.01,0.12,1721199281810
0.72,1.04,12.38,-0.12,0.02,0.11,1721199281820
1.03,0.05,9.78,-0.07,-0.04,0.05,1721199281830
-0.75,0.36,11.15,-0.12,-0.01,-0.03,1721199281840
-1.27,-0.80,9.99,-0.05,-0.03,0.07,1721199281850
-0.36,-0.99,10.40,-0.07,-0.01,0.17,1721199281860
1.38,0.18,11.48,-0.04,-0.00,0.18,1721199281870
0.84,1.98,8.67,0.06,-0.05,0.01,1721199281880
1.03,0.78,9.79,0.01,0.03,-0.07,1721199281890
-0.22,1.15,10.96,0.04,-0.00,-0.08,1721199281900
-0.95,2.46,12.33,0.07,0.01,-0.01,1721199281910
-0.29,-0.39,7.79,0.04,-0.01,0.11,1721199281920
0.70,0.70,10.51,0.07,0.06,0.08,1721199281930
1.82,-1.21,10.95,-0.03,0.05,-0.06,1721199281940
-0.20,2.47,11.71,0.15,-0.08,-0.05,1721199281950
0.39,1.51,8.94,0.04,0.15,0.01,1721199281960
-0.39,1.18,12.18,0.11,-0.02,0.05,1721199281970
0.02,1.11,9.71,0.06,0.10,0.01,1721199281980
-0.05,-0.19,10.50,0.10,0.03,-0.03,1721199281990
0.02,0.79,8.28,0.13,0.09,0.04,1721199282000
1.16,-0.14,8.69,0.13,0.10,-0.04,1721199282010
1.02,-0.35,9.70,0.09,0.06,-0.11,1721199282020
0.12,1.30,11.03,0.16,0.08,-0.14,1721199282030
-0.71,1.40,10.19,0.10,0.10,-0.12,1721199282040
-1.47,-0.14,12.12,0.12,0.03,-0.02,1721199282050
-0.25,-0.94,10.07,0.09,0.14,0.02,1721199282060
0.53,0.77,11.28,0.10,0.09,-0.05,1721199282070
0.10,2.87,10.04,0.12,0.09,-0.15,1721199282080
0.83,1.33,9.10,0.07,0.16,-0.08,1721199282090
0.03,0.82,9.68,0.04,0.13,-0.11,1721199282100
0.23,-0.72,10.48,-0.04,0.20,-0.15,1721199282110
-0.76,1.10,9.34,0.02,0.07,-0.19,1721199282120
-0.82,-0.11,10.34,-0.05,0.18,-0.12,1721199282130
-0.89,0.53,9.36,0.06,0.10,-0.02,1721199282140
-0.50,1.18,11.02,-0.05,0.18,-0.06,1721199282150
-0.88,-0.19,10.88,-0.03,0.06,-0.10,1721199282160
-1.96,2.55,12.78,0.03,0.13,-0.05,1721199282170
-0.73,0.13,7.73,-0.01,0.10,0.04,1721199282180
0.22,1.30,11.50,0.02,0.13,0.00,1721199282190
1.50,1.93,8.68,0.00,0.13,-0.12,1721199282200
-0.01,-1.03,9.13,-0.04,0.02,-0.15,1721199282210
-1.71,1.60,10.32,-0.02,0.11,-0.10,1721199282220
-0.79,-2.08,7.87,-0.04,0.09,0.00,1721199282230
-1.31,-0.62,10.30,-0.09,0.06,0.06,1721199282240
-0.59,-0.95,10.19,-0.04,0.06,0.00,1721199282250
-1.08,0.42,11.22,-0.05,0.07,-0.03,1721199282260
-1.81,0.29,11.24,-0.04,0.06,0.01,1721199282270
-1.53,-1.62,9.32,-0.09,0.00,0.13,1721199282280
-0.17,-1.53,11.30,-0.07,0.09,0.22,1721199282290
2.54,-0.38,10.86,-0.05,0.08,0.10,1721199282300
1.84,1.41,9.69,0.02,0.05,-0.07,1721199282310
-0.42,-0.51,9.14,-0.06,0.04,-0.11,1721199282320
-2.75,1.05,13.43,-0.02,0.05,0.02,1721199282330
-1.64,1.94,9.97,0.07,0.01,0.21,1721199282340
-0.77,0.44,8.13,-0.04,-0.01,0.27,1721199282350
1.37,-1.22,9.75,-0.03,0.09,0.09,1721199282360
0.84,0.23,12.16,-0.03,0.03,-0.08,1721199282370
-0.96,0.27,7.18,0.03,-0.06,-0.15,1721199282380
-2.73,-0.52,9.87,-0.05,0.05,-0.06,1721199282390
-1.64,0.88,11.77,0.02,-0.03,0.12,1721199282400
0.32,-2.21,11.16,-0.10,0.08,0.16,1721199282410
1.31,-0.75,13.46,0.01,-0.04,0.12,1721199282420
1.09,0.14,7.73,0.04,-0.03,-0.00,1721199282430
0.38,2.23,10.31,0.08,0.05,-0.01,1721199282440
-0.29,1.29,8.36,0.05,0.01,-0.06,1721199282450
-2.24,-0.51,10.25,-0.00,-0.08,0.02,1721199282460
0.16,1.30,10.92,0.04,0.13,0.07,1721199282470
1.00,1.12,10.15,0.10,-0.08,0.02,1721199282480
1.43,3.00,9.92,0.10,0.06,-0.05,1721199282490
1.19,1.64,10.27,0.11,0.02,-0.13,1721199282500
-1.83,4.41,11.76,0.12,-0.02,-0.14,1721199282510
-1.61,1.75,9.76,0.07,0.06,-0.06,1721199282520
-2.29,0.88,10.91,-0.00,-0.03,0.02,1721199282530
-1.07,-1.26,9.73,0.03,0.04,0.05,1721199282540
-0.46,0.47,11.53,0.05,0.05,0.05,1721199282550
-0.05,2.41,9.71,0.14,0.03,0.02,1721199282560
-0.36,4.57,9.50,0.08,0.05,0.00,1721199282570
-0.35,2.44,11.06,0.06,0.02,0.06,1721199282580
-0.78,0.21,11.67,0.03,0.01,0.14,1721199282590
1.45,0.06,10.52,0.06,0.02,0.17,1721199282600
2.66,1.34,8.26,0.07,0.05,0.02,1721199282610
0.48,0.80,10.52,0.04,0.04,-0.24,1721199282620
-3.38,1.36,7.93,0.09,-0.06,-0.15,1721199282630
-3.92,-1.10,8.17,-0.05,0.06,0.09,1721199282640
-2.72,-2.65,11.53,-0.09,-0.02,0.17,1721199282650
-0.79,-3.52,9.58,-0.08,-0.02,0.18,1721199282660
-1.21,-0.24,10.16,-0.07,-0.04,0.14,1721199282670
-0.68,0.41,9.26,-0.06,-0.05,0.15,1721199282680
-1.27,0.65,9.29,-0.11,-0.05,0.10,1721199282690
-1.63,-4.56,9.23,-0.25,-0.12,0.12,1721199282700
-2.52,-1.87,13.88,-0.19,-0.12,0.23,1721199282710
0.43,-1.62,10.24,-0.17,-0.15,0.33,1721199282720
1.30,1.08,11.78,-0.15,-0.09,0.27,1721199282730
1.74,3.40,9.84,-0.16,-0.10,0.04,1721199282740
-0.13,1.14,13.37,-0.24,-0.13,-0.10,1721199282750
-2.54,3.62,12.31,-0.07,-0.22,0.06,1721199282760
-2.02,-0.66,7.58,-0.11,-0.16,0.34,1721199282770
0.41,-0.28,11.04,-0.04,-0.10,0.31,1721199282780
2.44,0.07,10.53,0.00,-0.14,0.07,1721199282790
1.21,2.84,9.94,0.09,-0.19,0.03,1721199282800
-1.13,0.50,9.98,0.06,-0.12,-0.00,1721199282810
-2.44,2.96,12.30,0.13,-0.18,0.14,1721199282820
-0.41,-0.16,8.59,0.07,-0.14,0.23,1721199282830
1.36,-0.37,11.54,0.06,-0.14,0.12,1721199282840
2.05,-1.81,9.15,0.10,-0.13,0.05,1721199282850
-0.34,3.83,9.93,0.19,-0.17,-0.09,1721199282860
1.16,-3.17,5.73,0.09,-0.14,-0.02,1721199282870
-1.15,0.80,11.34,0.10,-0.12,-0.06,1721199282880
0.45,-3.99,9.75,-0.04,-0.09,-0.01,1721199282890
-1.21,-0.72,12.08,0.05,-0.23,-0.04,1721199282900
0.76,1.71,8.78,0.03,-0.02,-0.02,1721199282910
1.31,-1.37,9.53,-0.07,-0.15,-0.03,1721199282920
-0.02,1.92,12.30,-0.01,-0.06,-0.17,1721199282930
0.06,-0.77,9.28,-0.06,-0.10,-0.20,1721199282940
-1.77,0.95,11.84,-0.05,-0.13,-0.10,1721199282950
0.19,-0.29,11.52,-0.05,-0.01,-0.02,1721199282960
0.71,-0.73,12.05,0.00,-0.09,-0.16,1721199282970
0.02,1.95,11.02,0.05,-0.07,-0.22,1721199282980
-0.79,3.32,9.34,0.10,-0.03,-0.25,1721199282990
-0.99,2.94,10.54,0.10,0.00,-0.19,1721199283000
-0.58,1.58,10.26,0.12,-0.05,-0.11,1721199283010
0.31,0.77,10.05,0.10,0.00,-0.11,1721199283020
1.53,0.63,11.33,0.12,0.04,-0.17,1721199283030
1.54,2.87,10.52,0.16,-0.01,-0.29,1721199283040
0.48,2.73,8.48,0.19,-0.02,-0.29,1721199283050
-0.50,1.71,9.61,0.07,0.10,-0.25,1721199283060
-0.80,1.04,11.00,0.06,-0.02,-0.22,1721199283070
-0.92,-0.25,10.57,0.02,0.02,-0.19,1721199283080
-0.38,1.19,10.98,0.08,0.04,-0.16,1721199283090
0.64,3.56,9.00,0.11,0.02,-0.11,1721199283100
1.19,2.40,9.59,0.01,0.09,-0.25,1721199283110
-1.07,0.87,10.67,0.02,-0.05,-0.36,1721199283120
-1.76,-0.91,11.23,-0.06,0.07,-0.23,1721199283130
-0.92,-0.83,10.34,-0.01,0.03,-0.16,1721199283140
0.90,1.11,9.68,0.02,0.07,-0.20,1721199283150
1.15,0.50,6.16,-0.03,0.06,-0.39,1721199283160
-1.23,-0.40,11.36,-0.09,0.04,-0.41,1721199283170
-2.26,-2.12,11.52,-0.05,0.08,-0.33,1721199283180
-2.55,1.33,9.79,0.04,0.02,-0.10,1721199283190
0.39,0.49,8.35,-0.14,0.14,-0.04,1721199283200
1.79,-1.84,12.02,-0.12,0.05,-0.21,1721199283210
1.44,0.46,11.58,-0.04,0.06,-0.32,1721199283220
0.81,-2.15,6.88,-0.10,0.11,-0.39,1721199283230
-2.62,1.72,12.08,-0.07,0.07,-0.36,1721199283240
-2.00,0.28,10.06,-0.03,0.12,-0.23,1721199283250
-3.11,2.43,11.15,-0.01,0.05,-0.16,1721199283260
-0.92,-1.42,8.78,-0.07,0.16,-0.08,1721199283270
0.25,-0.16,10.83,-0.02,0.10,-0.10,1721199283280
0.50,1.77,8.50,0.04,0.09,-0.17,1721199283290
-0.55,1.05,10.05,-0.01,0.12,-0.29,1721199283300
-2.09,-0.31,10.39,0.03,0.03,-0.18,1721199283310
-1.73,-1.20,13.63,-0.05,0.13,-0.07,1721199283320
-0.51,0.91,10.56,0.10,0.03,-0.05,1721199283330
0.57,0.40,10.98,-0.02,0.16,-0.08,1721199283340
-0.79,-0.14,10.58,0.11,-0.04,-0.19,1721199283350
-1.52,0.82,9.36,0.07,0.16,-0.22,1721199283360
-1.75,1.07,11.23,0.08,0.13,-0.19,1721199283370
-2.10,0.89,10.35,0.05,0.03,-0.09,1721199283380
-1.79,-1.49,10.19,0.06,0.04,0.03,1721199283390
0.25,-1.72,10.16,0.06,0.06,0.03,1721199283400
1.56,0.73,9.47,0.10,0.03,-0.08,1721199283410
0.55,1.75,11.38,0.03,0.05,-0.27,1721199283420
-2.06,0.89,11.50,0.09,0.01,-0.29,1721199283430
-4.15,-0.65,9.12,0.06,-0.05,-0.08,1721199283440
-3.02,-0.83,9.83,0.02,0.05,0.10,1721199283450
-0.45,1.16,10.20,0.11,0.02,0.11,1721199283460
1.38,2.45,9.40,0.08,-0.00,-0.08,1721199283470
0.66,1.11,8.77,0.09,-0.05,-0.15,1721199283480
-1.60,1.07,10.57,0.07,-0.04,-0.13,1721199283490
-1.98,-0.02,10.76,0.05,0.00,-0.05,1721199283500
-0.66,0.91,12.26,0.07,-0.03,0.07,1721199283510
0.21,2.14,9.66,0.09,-0.06,-0.01,1721199283520
-0.09,1.92,11.02,0.04,-0.01,-0.14,1721199283530
-1.48,3.02,10.74,0.07,-0.07,-0.14,1721199283540
-1.47,1.48,9.04,0.01,-0.04,-0.01,1721199283550
-0.76,0.36,10.91,-0.00,-0.01,0.07,1721199283560
1.06,0.10,10.81,0.06,-0.01,0.09,1721199283570
1.60,2.59,7.89,0.09,-0.07,-0.05,1721199283580
1.10,0.82,8.59,0.00,-0.03,-0.17,1721199283590
-1.06,0.53,11.90,0.01,-0.05,-0.16,1721199283600
-2.02,0.79,9.95,0.06,-0.09,-0.02,1721199283610
-1.14,2.38,10.08,0.01,0.02,0.07,1721199283620
0.41,0.94,12.56,-0.04,-0.02,-0.03,1721199283630
-0.43,0.56,10.32,0.08,-0.10,-0.14,1721199283640
-0.96,-2.52,6.68,-0.06,-0.02,-0.12,1721199283650
-2.37,-1.56,9.60,-0.05,-0.09,-0.07,1721199283660
-1.32,0.81,11.74,-0.01,-0.03,-0.02,1721199283675
-0.95,1.43,10.50,-0.01,-0.15,-0.09,1721199283679
-0.70,-0.01,9.20,-0.07,-0.03,-0.07,1721199283689
-1.12,-0.96,7.70,-0.16,-0.10,-0.08,1721199283699
-0.98,-0.41,10.58,-0.06,-0.08,-0.03,1721199283709
0.84,-1.36,9.63,-0.13,0.01,-0.02,1721199283719
0.12,-1.04,9.22,-0.10,-0.16,-0.08,1721199283729
1.81,-1.02,12.65,-0.12,0.07,-0.10,1721199283739
0.58,1.12,11.69,-0.08,-0.10,-0.21,1721199283749
-1.31,0.74,10.02,-0.14,-0.09,-0.13,1721199283759
-1.41,0.15,10.77,-0.08,-0.03,-0.12,1721199283769
-0.01,0.81,9.11,-0.07,-0.02,-0.15,1721199283779
1.00,1.87,11.13,-0.04,0.01,-0.18,1721199283789
0.55,4.10,12.08,0.07,-0.02,-0.23,1721199283799
0.00,0.17,9.29,-0.02,0.01,-0.32,1721199283809
-1.87,-0.27,12.10,0.05,-0.02,-0.30,1721199283819
-0.94,-1.25,10.06,0.07,0.03,-0.17,1721199283829
0.06,2.28,10.99,0.14,0.06,-0.15,1721199283839
0.90,2.38,10.99,0.14,0.07,-0.26,1721199283849
0.46,-0.11,9.87,0.13,0.02,-0.32,1721199283859
-1.73,0.93,10.95,0.13,0.11,-0.33,1721199283869
-1.59,-0.58,10.67,0.11,0.05,-0.28,1721199283879
-0.48,2.08,10.13,0.17,0.10,-0.10,1721199283889
1.27,-0.52,7.61,0.12,0.12,-0.14,1721199283899
0.72,1.28,11.68,0.08,0.09,-0.37,1721199283909
-0.45,0.73,10.10,0.13,0.06,-0.41,1721199283919
-1.91,0.14,10.28,0.08,0.10,-0.32,1721199283929
-0.93,-0.45,9.85,0.12,0.15,-0.10,1721199283939
-0.00,0.77,9.55,0.11,0.17,-0.18,1721199283949
0.02,0.13,10.72,0.08,0.13,-0.35,1721199283959
-1.39,1.38,10.64,0.12,0.10,-0.28,1721199283969
-1.82,0.23,9.74,0.05,0.16,-0.22,1721199283979
-0.80,-2.22,9.23,0.03,0.10,-0.09,1721199283989
1.29,1.87,9.35,0.08,0.20,-0.08,1721199283999
2.98,-0.21,7.93,-0.03,0.16,-0.25,1721199284009
1.01,0.88,12.88,0.01,0.17,-0.39,1721199284019
-0.82,2.28,8.98,0.09,0.16,-0.34,1721199284029
-1.68,0.83,9.01,-0.03,0.17,-0.18,1721199284039
-0.40,1.44,12.53,-0.04,0.27,-0.22,1721199284049
-0.66,2.87,10.34,0.08,0.10,-0.24,1721199284059
-0.96,0.75,5.85,-0.05,0.23,-0.23,1721199284069
-1.42,0.16,11.22,-0.09,0.19,-0.20,1721199284079
-0.89,0.89,11.87,-0.01,0.15,-0.07,1721199284089
-0.48,1.01,10.80,0.02,0.18,-0.15,1721199284099
-0.51,3.54,10.01,0.01,0.15,-0.17,1721199284109
0.03,-0.41,9.30,-0.11,0.22,-0.13,1721199284119
-0.51,0.15,9.68,-0.01,0.10,-0.05,1721199284129
0.51,-0.17,11.81,-0.09,0.28,-0.10,1721199284139
1.25,-1.02,6.59,0.01,0.08,-0.19,1721199284149
-0.96,1.83,12.06,-0.07,0.21,-0.21,1721199284159
-0.28,-1.66,8.12,-0.01,0.18,-0.19,1721199284169
-1.52,0.87,12.94,-0.10,0.18,-0.07,1721199284179
-0.72,-0.01,9.95,0.04,0.22,-0.10,1721199284189
-0.15,-0.70,8.85,-0.08,0.22,-0.14,1721199284199
-0.35,2.47,11.65,-0.02,0.24,-0.26,1721199284209
-0.59,-0.87,9.17,-0.11,0.18,-0.19,1721199284219
-1.94,0.80,13.21,-0.04,0.19,-0.10,1721199284229
0.10,-2.42,8.16,-0.08,0.21,-0.04,1721199284239
-0.49,1.36,11.05,-0.01,0.19,-0.08,1721199284249
-0.43,-0.97,9.13,-0.10,0.26,-0.18,1721199284259
-2.55,-0.28,12.56,-0.03,0.15,-0.20,1721199284269
-2.23,-0.02,11.18,-0.02,0.22,0.03,1721199284279
-1.33,-1.44,9.18,-0.01,0.14,0.11,1721199284289
0.63,1.18,10.96,-0.04,0.25,0.00,1721199284299
0.97,-0.01,9.86,0.00,0.15,-0.09,1721199284309
-0.52,-2.02,8.60,-0.06,0.16,-0.07,1721199284319
-0.89,-0.51,11.31,-0.02,0.20,-0.00,1721199284329
-0.67,1.32,10.42,-0.02,0.15,0.05,1721199284339
-0.33,1.61,10.27,-0.06,0.21,0.03,1721199284349
-0.40,2.55,11.15,0.02,0.12,-0.02,1721199284359
-0.14,-1.09,9.46,-0.08,0.21,-0.03,1721199284369
-0.97,0.66,12.71,0.06,0.07,-0.01,1721199284379
-1.03,1.78,7.57,0.01,0.15,0.05,1721199284389
-0.99,0.97,11.04,-0.01,0.12,0.04,1721199284399
-1.07,1.61,10.87,0.04,0.10,0.07,1721199284409
-0.66,-1.17,8.77,0.00,0.14,0.08,1721199284419
-1.17,-0.41,10.43,0.01,0.09,0.06,1721199284429
-0.82,0.94,10.86,0.08,0.12,0.07,1721199284439
-0.10,2.80,10.62,0.12,0.13,0.08,1721199284449
0.08,2.33,9.73,0.12,0.08,0.08,1721199284459
-0.14,1.47,11.76,0.09,0.12,0.02,1721199284469
-0.87,1.57,10.54,0.13,0.05,0.06,1721199284479
-0.41,-0.79,7.72,0.06,0.10,0.11,1721199284489
-0.22,-0.00,11.13,0.03,0.08,0.17,1721199284499
1.24,0.01,11.36,0.07,0.13,0.12,1721199284509
-0.55,4.25,11.73,0.10,0.07,0.00,1721199284519
-0.99,3.93,9.30,0.12,0.09,0.04,1721199284529
-1.72,0.30,8.72,0.01,0.05,0.07,1721199284539
-2.09,-1.40,9.79,-0.01,0.04,0.18,1721199284549
-0.97,-0.21,8.90,-0.02,0.04,0.19,1721199284559
0.16,-0.16,9.73,-0.04,0.02,0.24,1721199284569
-0.25,2.30,11.07,0.02,0.05,0.11,1721199284579
-0.21,2.21,10.15,-0.11,0.04,0.04,1721199284589
-2.02,0.73,12.50,-0.08,-0.11,0.09,1721199284599
-2.83,0.06,9.89,-0.11,0.03,0.18,1721199284609
-0.79,-1.69,10.57,-0.12,0.02,0.27,1721199284619
-0.27,1.39,9.33,-0.03,-0.08,0.28,1721199284629
1.34,1.86,10.26,-0.10,0.01,0.25,1721199284639
0.51,0.18,9.23,-0.06,-0.10,0.11,1721199284649
-1.13,-0.98,10.50,-0.16,-0.02,0.06,1721199284659
-1.50,-1.19,9.15,-0.10,-0.06,0.13,1721199284669
-0.47,-1.30,12.26,-0.15,0.03,0.21,1721199284679
0.24,0.35,10.38,0.01,-0.14,0.26,1721199284689
1.24,1.19,9.03,-0.04,0.01,0.24,1721199284699
1.40,1.74,12.21,-0.06,-0.03,0.07,1721199284709
-0.10,-0.59,10.14,-0.06,-0.10,0.01,1721199284719
-1.59,-0.49,10.88,-0.05,-0.01,0.08,1721199284729
-0.59,-3.25,8.95,-0.08,-0.05,0.23,1721199284739
0.54,1.47,13.40,-0.00,-0.00,0.21,1721199284749
2.56,0.77,7.86,-0.01,-0.08,0.07,1721199284759
1.00,1.25,11.90,-0.04,-0.02,-0.06,1721199284769
-0.95,1.32,10.00,-0.01,-0.04,-0.13,1721199284779
-1.44,-2.43,12.22,-0.11,-0.00,0.00,1721199284789
-1.58,0.84,10.69,0.05,-0.05,0.17,1721199284799
-0.69,0.77,10.42,-0.06,0.04,0.16,1721199284809
1.00,1.13,10.83,0.01,-0.05,0.10,1721199284819
0.98,0.46,9.74,0.01,-0.02,-0.01,1721199284829
0.10,0.55,8.60,0.08,-0.04,-0.03,1721199284839
-0.23,0.02,11.23,0.02,0.08,0.06,1721199284849
-0.44,0.88,10.88,0.11,-0.09,0.11,1721199284859
0.27,1.57,9.02,0.10,0.02,0.10,1721199284869
1.22,2.17,9.20,0.12,0.05,-0.01,1721199284879
0.00,0.84,11.00,0.07,-0.04,-0.11,1721199284889
-1.01,1.33,10.19,0.13,0.03,0.01,1721199284899
-0.65,-0.64,5.68,0.04,-0.02,0.11,1721199284909
0.12,-0.62,11.34,-0.03,0.03,0.08,1721199284919
1.93,-0.28,13.39,0.03,0.06,-0.03,1721199284929
-1.06,2.76,12.56,0.14,-0.11,-0.11,1721199284939
-1.98,2.14,9.39,0.07,0.10,0.03,1721199284949
-1.49,0.31,11.09,0.08,-0.02,0.15,1721199284959
0.71,-0.06,10.21,0.02,0.08,0.20,1721199284969
1.97,-0.18,9.58,0.03,0.00,0.07,1721199284979
1.59,1.43,8.53,0.05,-0.00,-0.05,1721199284989
0.76,-0.26,10.26,-0.02,0.05,-0.11,1721199284999
-0.68,1.56,10.84,0.06,0.01,-0.08,1721199285009
-1.59,0.56,11.16,-0.07,0.09,-0.01,1721199285019
-2.02,1.54,12.02,0.03,-0.03,0.08,1721199285029
0.42,-2.01,8.20,-0.11,0.08,0.16,1721199285039
1.31,1.42,10.95,-0.01,-0.01,0.10,1721199285049
1.31,2.68,10.64,-0.04,0.08,-0.08,1721199285059
-0.83,0.08,10.01,-0.07,-0.09,-0.10,1721199285069
-2.53,0.59,11.48,-0.05,0.01,0.01,1721199285079
-0.81,-0.05,8.14,-0.10,0.05,0.17,1721199285089
0.69,-1.32,10.98,-0.13,-0.04,0.15,1721199285099
2.15,1.50,9.24,-0.07,-0.01,-0.05,1721199285109
0.06,-0.01,12.02,-0.11,-0.01,-0.11,1721199285119
-1.31,-1.07,9.21,-0.08,-0.06,-0.01,1721199285129
-0.81,-1.22,10.22,-0.18,0.07,0.11,1721199285139
0.13,-1.46,9.35,-0.10,-0.09,0.13,1721199285149
1.45,-0.83,9.10,-0.14,0.05,0.06,1721199285159
0.86,0.25,12.29,-0.09,-0.06,-0.05,1721199285169
0.23,0.67,10.60,-0.10,0.01,-0.02,1721199285179
-0.99,0.48,10.24,-0.12,-0.04,0.03,1721199285189
-0.05,-3.31,10.88,-0.17,0.06,0.00,1721199285199
0.14,-0.18,9.60,-0.09,-0.03,0.03,1721199285209
-0.67,0.88,10.30,-0.01,-0.02,-0.03,1721199285219
-0.03,-0.10,11.05,-0.08,0.05,0.04,1721199285229
-0.53,1.09,12.20,-0.09,-0.05,0.02,1721199285239
-0.93,0.30,11.74,-0.04,0.03,-0.09,1721199285249
-1.49,-0.20,9.68,0.00,-0.04,-0.04,1721199285259
-0.60,-1.44,9.73,-0.04,0.01,0.04,1721199285269
-0.38,0.63,10.43,0.10,-0.04,0.05,1721199285279
0.40,1.47,9.18,0.07,0.04,-0.13,1721199285289
0.36,2.91,9.95,0.06,0.02,-0.21,1721199285299
-0.85,1.43,11.36,0.00,-0.02,-0.20,1721199285309
-2.31,1.00,8.91,0.08,-0.06,-0.17,1721199285319
-1.09,-1.66,9.66,-0.01,0.10,-0.08,1721199285329
-0.67,0.94,11.76,0.10,-0.04,-0.09,1721199285339
-0.04,0.77,11.46,0.04,0.09,-0.14,1721199285349
-0.63,5.25,12.73,0.13,-0.05,-0.26,1721199285359
-1.83,1.54,7.32,0.16,-0.05,-0.22,1721199285369
-2.27,-0.12,10.07,0.08,0.07,-0.16,1721199285379
-1.72,-0.46,9.52,0.13,-0.02,-0.05,1721199285389
-0.18,2.06,9.07,0.14,-0.01,0.02,1721199285399
1.19,0.47,8.07,0.14,-0.05,0.01,1721199285409
0.99,0.62,10.76,0.12,0.03,-0.10,1721199285419
-0.15,1.36,10.49,0.14,0.01,-0.20,1721199285429
-1.12,2.31,11.17,0.13,-0.02,-0.16,1721199285439
-1.56,0.79,8.10,0.16,-0.03,-0.05,1721199285449
-0.74,-2.20,8.23,0.07,0.03,0.08,1721199285459
1.30,0.07,11.56,0.07,0.08,0.09,1721199285469
2.75,2.95,10.84,0.13,0.02,-0.07,1721199285479
1.53,1.62,10.57,0.03,0.05,-0.25,1721199285489
-1.76,0.14,11.99,0.04,-0.06,-0.29,1721199285499
-2.72,-1.21,10.30,0.00,0.04,-0.13,1721199285509
-2.37,-0.57,10.36,-0.01,0.01,0.07,1721199285519
-1.11,0.54,10.25,0.01,0.04,0.06,1721199285529
0.38,0.50,9.43,0.03,0.03,-0.03,1721199285539
-0.49,0.90,8.83,0.02,-0.00,-0.13,1721199285549
-2.33,-0.01,11.56,-0.08,0.02,-0.19,1721199285559
-3.47,0.56,10.38,0.01,-0.04,-0.04,1721199285569
-2.10,0.09,9.42,-0.05,-0.00,0.16,1721199285579
0.07,-1.16,8.99,-0.06,-0.03,0.14,1721199285589
1.33,1.09,11.67,-0.06,0.05,-0.12,1721199285599
0.92,0.11,9.55,-0.09,-0.07,-0.21,1721199285609
-1.55,1.07,12.22,-0.08,-0.02,-0.16,1721199285619
-0.89,-1.39,9.18,-0.11,0.03,-0.03,1721199285629
-1.05,-1.55,11.53,-0.10,-0.03,0.01,1721199285639
-0.91,1.24,9.60,-0.08,0.01,-0.08,1721199285649
-0.53,-1.10,10.61,-0.13,-0.02,-0.10,1721199285659
-1.62,1.89,11.03,-0.07,-0.02,-0.02,1721199285669
-0.39,-2.17,7.13,-0.11,0.02,0.06,1721199285684
-0.36,-1.82,10.59,-0.12,0.06,0.04,1721199285689
0.42,0.84,11.48,-0.03,0.00,-0.07,1721199285699
0.99,1.10,9.43,-0.01,-0.00,-0.07,1721199285709
1.37,0.31,9.19,-0.04,0.05,-0.08,1721199285719
0.10,0.68,11.51,-0.01,0.01,-0.19,1721199285729
-1.38,2.74,11.23,0.02,0.04,-0.11,1721199285739
-1.45,-1.04,8.48,-0.01,0.00,-0.07,1721199285749
-0.44,-0.78,11.82,-0.07,0.03,0.03,1721199285759
0.80,-0.92,9.81,-0.01,0.05,0.00,1721199285769
0.05,1.53,11.74,-0.02,0.08,-0.15,1721199285779
-0.69,1.55,10.10,0.08,-0.00,-0.10,1721199285789
-1.91,3.85,10.36,0.06,0.08,-0.08,1721199285799
-1.00,-0.60,9.02,0.04,0.03,0.04,1721199285809
-0.70,1.40,11.21,0.04,0.07,0.01,1721199285819
0.75,-1.88,8.76,-0.00,0.01,0.02,1721199285829
0.49,0.85,11.72,0.08,0.05,0.02,1721199285839
0.94,1.17,9.17,0.08,0.09,0.00,1721199285849
0.36,1.28,12.38,0.08,0.04,-0.01,1721199285859
-0.07,4.37,10.89,0.16,0.07,-0.06,1721199285869
-0.61,0.69,9.22,0.10,0.03,-0.06,1721199285879
-1.37,-0.52,9.73,0.11,0.07,0.03,1721199285889
-0.43,0.29,10.13,0.14,0.04,0.05,1721199285899
0.18,3.21,9.96,0.15,0.05,-0.01,1721199285909
-0.17,0.96,10.90,0.12,-0.00,-0.05,1721199285919
-0.82,1.66,10.11,0.13,0.06,-0.02,1721199285929
-0.23,-1.87,9.48,0.02,0.04,0.07,1721199285939
-0.24,1.42,11.09,0.08,0.05,0.01,1721199285949
0.73,-0.65,9.52,0.05,0.03,0.01,1721199285959
-0.12,2.23,10.42,0.09,0.01,-0.03,1721199285969
0.01,2.06,10.15,0.05,0.08,-0.08,1721199285979
-1.18,0.22,9.47,-0.00,-0.02,-0.08,1721199285989
-0.98,0.33,10.72,-0.04,0.04,0.05,1721199285999
0.57,-0.48,9.36,-0.03,0.05,0.10,1721199286009
1.38,-1.04,9.96,-0.04,0.05,0.03,1721199286019
0.96,-0.01,9.29,-0.06,0.00,-0.12,1721199286029
-0.16,1.52,10.89,-0.06,0.02,-0.10,1721199286039
-0.37,-0.77,9.43,-0.13,0.04,0.01,1721199286049
-0.76,-1.48,11.90,-0.09,0.02,0.05,1721199286059
0.32,-0.85,8.49,-0.09,0.03,-0.02,1721199286069
0.28,0.33,11.70,-0.16,0.03,0.03,1721199286079
-0.39,1.63,13.33,-0.07,0.01,-0.06,1721199286089
-0.73,0.16,7.38,-0.05,-0.03,0.00,1721199286099
-1.26,-0.65,9.04,-0.11,-0.00,0.12,1721199286109
0.53,-2.38,11.00,-0.10,0.05,0.10,1721199286119
0.85,1.89,12.13,-0.02,-0.03,0.08,1721199286129
1.57,1.05,8.17,0.03,0.04,-0.02,1721199286139
0.18,-1.80,10.52,-0.05,-0.04,-0.07,1721199286149
-0.99,5.51,12.47,0.14,0.00,-0.08,1721199286159
-0.28,0.92,6.17,0.09,-0.02,0.01,1721199286169
-0.06,-1.34,11.68,-0.06,0.05,-0.06,1721199286179
0.53,-2.40,10.68,0.03,-0.07,-0.05,1721199286189
-0.51,-0.15,11.25,-0.07,0.03,-0.13,1721199286199
-0.91,1.09,11.65,0.11,0.02,-0.20,1721199286209
-1.73,1.95,9.70,0.07,0.05,-0.10,1721199286219
-1.56,1.89,9.73,0.11,0.02,-0.01,1721199286229
0.29,-0.12,9.75,0.04,0.06,-0.05,1721199286239
0.70,0.85,9.33,0.04,-0.04,-0.15,1721199286249
0.25,-1.04,9.92,-0.06,0.04,-0.23,1721199286259
-1.47,-0.88,10.44,-0.04,-0.01,-0.31,1721199286269
-2.30,-0.83,9.84,-0.04,0.02,-0.15,1721199286279
-1.87,0.59,10.98,-0.03,0.05,-0.02,1721199286289
-1.29,1.84,9.56,0.01,-0.01,-0.07,1721199286299
-0.57,0.34,9.35,-0.02,0.01,-0.13,1721199286309
-0.79,-0.21,9.40,-0.04,-0.00,-0.16,1721199286319
-1.14,-0.01,11.40,0.00,-0.05,-0.05,1721199286329
-0.73,0.90,9.80,-0.04,0.02,-0.08,1721199286339
-0.44,0.71,9.38,0.04,-0.08,-0.08,1721199286349
-0.30,1.86,8.58,-0.01,0.08,-0.13,1721199286359
-0.26,-1.00,11.52,-0.06,-0.02,-0.12,1721199286369
-2.15,2.77,12.44,0.02,-0.07,-0.08,1721199286379
-1.72,0.75,9.45,-0.00,0.02,-0.01,1721199286389
-0.86,0.91,10.56,0.06,-0.05,0.03,1721199286399
-0.12,1.16,8.83,0.01,-0.01,-0.06,1721199286409
-0.42,1.29,10.79,0.07,-0.10,-0.07,1721199286419
-0.51,1.18,9.86,0.01,0.01,-0.02,1721199286429
0.00,-0.26,11.02,0.04,-0.09,-0.01,1721199286439
-0.13,2.27,11.03,0.03,-0.00,-0.03,1721199286449
0.38,2.38,12.69,0.06,-0.03,-0.06,1721199286459
-0.35,0.90,10.66,0.05,-0.05,-0.09,1721199286469
-0.86,0.50,11.58,0.09,-0.01,-0.11,1721199286479
-0.95,1.18,8.95,0.09,-0.04,-0.03,1721199286489
0.24,1.31,12.32,0.08,-0.00,0.11,1721199286499
1.31,1.56,9.69,0.12,-0.02,0.02,1721199286509
1.41,2.24,9.54,0.09,-0.01,-0.16,1721199286519
-0.68,-0.32,7.83,0.06,-0.06,-0.21,1721199286529
-2.89,-1.81,9.91,-0.03,-0.01,-0.09,1721199286539
-3.25,0.30,9.69,0.05,-0.06,0.14,1721199286549
0.08,0.14,7.09,0.03,0.01,0.29,1721199286559
1.78,-1.03,7.36,-0.06,-0.06,0.09,1721199286569
1.38,-0.33,13.89,-0.10,-0.00,-0.15,1721199286579
-0.78,1.25,10.25,-0.01,-0.16,-0.12,1721199286589
-1.47,-0.23,10.71,-0.14,-0.00,0.03,1721199286599
-0.51,-0.41,10.23,-0.05,-0.12,0.11,1721199286609
0.85,-2.27,11.36,-0.18,-0.02,0.01,1721199286619
-0.22,-0.54,10.93,-0.08,-0.14,-0.04,1721199286629
-0.44,1.13,9.26,-0.10,-0.01,-0.02,1721199286639
-0.70,2.97,9.43,0.00,-0.08,0.03,1721199286649
0.36,-2.06,8.07,-0.08,-0.06,0.09,1721199286659
-0.19,1.31,11.01,-0.03,-0.08,-0.02,1721199286669
0.22,-1.73,9.64,-0.12,-0.06,0.07,1721199286679
-0.39,3.18,12.04,-0.05,-0.05,0.04,1721199286689
1.06,-0.70,8.96,-0.08,-0.09,-0.07,1721199286699
0.77,0.31,11.94,-0.03,-0.02,-0.08,1721199286709
0.56,0.44,9.62,0.00,-0.05,-0.13,1721199286719
-1.30,1.83,11.88,-0.03,-0.01,-0.08,1721199286729
-0.64,1.27,10.58,0.01,-0.05,-0.00,1721199286739
0.48,-0.33,10.64,-0.02,-0.02,0.01,1721199286749
1.40,0.71,10.97,0.01,-0.03,0.01,1721199286759
0.56,2.21,11.01,0.04,-0.05,-0.15,1721199286769
0.07,-0.81,11.04,-0.00,-0.01,-0.17,1721199286779
-1.30,0.95,10.77,0.10,-0.07,-0.14,1721199286789
-0.77,0.87,9.94,0.08,0.05,-0.12,1721199286799
-0.43,-1.76,9.41,0.08,-0.05,-0.04,1721199286809
0.13,1.99,10.36,0.09,0.03,-0.08,1721199286819
0.51,0.36,9.69,0.08,0.00,-0.20,1721199286829
-0.67,0.77,10.25,0.08,0.01,-0.22,1721199286839
-0.51,-1.16,8.83,0.03,-0.00,-0.14,1721199286849
-0.50,0.67,11.21,0.01,0.03,-0.12,1721199286859
0.87,-0.73,9.46,0.01,0.03,-0.12,1721199286869
0.38,0.10,10.18,0.02,0.00,-0.20,1721199286879
-0.06,1.74,9.63,0.03,0.03,-0.25,1721199286889
-0.17,0.93,11.65,-0.02,0.08,-0.23,1721199286899
-0.96,-0.97,9.47,-0.03,0.03,-0.22,1721199286909
-1.41,-0.08,9.63,-0.04,0.03,-0.10,1721199286919
0.08,2.33,9.88,-0.04,0.06,-0.10,1721199286929
0.85,2.34,12.54,-0.07,0.07,-0.21,1721199286939
-0.75,2.34,11.30,-0.02,0.03,-0.28,1721199286949
-2.40,-0.62,9.14,-0.11,0.01,-0.16,1721199286959
-1.76,1.42,13.26,-0.08,0.11,-0.07,1721199286969
-0.07,1.14,10.08,-0.01,0.02,-0.02,1721199286979
0.65,2.82,8.49,0.06,0.03,-0.06,1721199286989
1.39,-0.62,8.57,0.02,0.09,-0.25,1721199286999
-0.73,2.48,11.60,0.07,-0.03,-0.29,1721199287009
-1.90,1.78,8.54,0.04,0.04,-0.18,1721199287019
-1.71,-0.00,10.47,-0.03,0.05,-0.10,1721199287029
0.44,-2.03,9.95,-0.05,-0.00,-0.04,1721199287039
0.81,-0.78,9.52,-0.06,0.01,-0.15,1721199287049
0.58,0.07,10.86,-0.04,0.05,-0.21,1721199287059
-0.27,-0.85,9.94,-0.03,0.06,-0.20,1721199287069
-1.10,1.09,9.95,0.01,0.04,-0.17,1721199287079
-0.75,-0.78,8.71,-0.07,0.06,-0.08,1721199287089
-0.45,-1.45,10.03,-0.09,0.04,-0.01,1721199287099
1.15,-2.14,9.93,-0.19,0.12,-0.09,1721199287109
0.67,-0.29,11.33,-0.19,0.02,-0.13,1721199287119
0.01,-0.15,8.34,-0.18,0.03,-0.17,1721199287129
0.30,-1.41,11.26,-0.21,0.14,-0.18,1721199287139
-0.07,0.64,10.66,-0.14,0.04,-0.21,1721199287149
-1.44,0.37,10.78,-0.19,0.05,-0.19,1721199287159
-1.92,2.83,10.99,-0.11,0.07,-0.14,1721199287169
-0.36,-3.50,8.77,-0.11,0.03,-0.00,1721199287179
-0.21,1.73,11.14,-0.12,0.14,-0.07,1721199287189
1.32,0.63,11.60,-0.03,0.11,-0.21,1721199287199
-0.26,2.92,11.72,-0.05,0.05,-0.27,1721199287209
-1.57,-1.17,10.14,-0.03,0.04,-0.30,1721199287219
-3.45,-0.29,11.07,-0.03,0.09,-0.22,1721199287229
-1.87,-0.57,11.99,-0.01,0.14,-0.04,1721199287239
0.32,0.66,10.29,0.11,0.01,0.06,1721199287249
1.89,2.62,8.75,0.16,0.17,-0.09,1721199287259
0.98,1.61,11.40,0.18,0.05,-0.27,1721199287269
-0.75,0.61,9.49,0.14,0.01,-0.19,1721199287279
-1.31,-1.08,10.34,0.10,0.07,-0.11,1721199287289
-0.74,0.72,10.83,0.12,0.11,-0.04,1721199287299
0.29,-0.20,10.11,0.11,0.12,-0.07,1721199287309
-0.04,2.44,10.33,0.16,0.08,-0.17,1721199287319
-0.57,0.06,9.64,0.11,0.10,-0.21,1721199287329
-1.83,0.96,11.71,0.09,0.10,-0.19,1721199287339
-0.61,0.45,9.77,0.12,0.06,-0.10,1721199287349
-0.19,1.96,9.87,0.11,0.07,-0.04,1721199287359
1.08,1.29,11.78,0.10,0.14,-0.13,1721199287369
0.69,1.09,9.34,0.13,0.02,-0.22,1721199287379
-0.86,1.55,9.22,0.09,0.07,-0.23,1721199287389
-0.97,-0.51,10.95,0.07,0.11,-0.14,1721199287399
-0.80,1.39,11.62,0.09,0.10,-0.10,1721199287409
0.79,0.60,9.85,0.14,0.09,-0.00,1721199287419
0.47,-1.41,10.34,0.06,0.11,-0.13,1721199287429
-0.04,2.29,11.65,0.12,0.14,-0.29,1721199287439
-0.93,2.12,8.79,0.15,0.06,-0.22,1721199287449
-1.92,1.51,8.76,0.12,0.08,-0.06,1721199287459
-0.67,1.12,9.78,0.10,0.16,-0.02,1721199287469
0.96,-2.57,11.03,-0.04,0.13,-0.06,1721199287479
-0.17,-0.53,11.42,-0.04,0.02,-0.15,1721199287489
-1.65,1.86,8.56,0.01,0.05,-0.11,1721199287499
-2.17,1.40,9.12,0.00,0.11,-0.07,1721199287509
-0.69,-1.24,10.48,-0.03,0.10,0.05,1721199287519
-1.75,0.10,9.46,-0.07,-0.01,-0.00,1721199287529
-1.44,-1.38,9.04,-0.14,0.07,0.01,1721199287539
-1.20,0.16,12.77,-0.15,-0.01,0.06,1721199287549
0.34,0.16,9.91,-0.06,0.04,0.10,1721199287559
1.47,-2.40,8.83,-0.12,0.10,0.07,1721199287569
-0.17,0.98,12.62,-0.07,0.02,-0.14,1721199287579
-1.27,-0.39,8.73,-0.14,0.00,-0.15,1721199287589
-3.77,0.67,11.74,-0.11,-0.09,-0.04,1721199287599
-1.89,-1.23,8.49,-0.10,0.05,0.25,1721199287609
-0.84,-2.21,11.85,-0.12,-0.05,0.28,1721199287619
-0.11,1.20,11.23,-0.05,-0.09,0.16,1721199287629
